codeindyr;code;countryname;year;indicator;estimate;stddev;nsource;pctrank;pctranklower;pctrankupper
AFGcc2023;AFG;Afghanistan;2023;cc;-1,15;0,17;8;13,7;6,1;20,8
ALBcc2023;ALB;Albania;2023;cc;-0,33;0,16;9;43,4;29,7;51,9
DZAcc2023;DZA;Algeria;2023;cc;-0,59;0,17;8;30,2;20,8;45,3
ASMcc2023;ASM;American Samoa;2023;cc;1,25;0,46;1;87,7;65,6;96,7
ADOcc2023;ADO;Andorra;2023;cc;1,25;0,46;1;87,7;65,6;96,7
AGOcc2023;AGO;Angola;2023;cc;-0,61;0,16;10;29,2;20,8;42,5
AIAcc2023;AIA;Anguilla;2023;cc;1,25;0,46;1;87,7;65,6;96,7
ATGcc2023;ATG;Antigua and Barbuda;2023;cc;0,33;0,29;2;62,3;49,5;78,3
ARGcc2023;ARG;Argentina;2023;cc;-0,36;0,17;10;42,0;27,8;51,4
ARMcc2023;ARM;Armenia;2023;cc;0,06;0,18;8;57,1;47,2;62,7
ABWcc2023;ABW;Aruba;2023;cc;0,71;0,30;2;75,5;60,4;84,4
AUScc2023;AUS;Australia;2023;cc;1,78;0,17;9;95,8;90,6;98,1
AUTcc2023;AUT;Austria;2023;cc;1,13;0,16;10;83,5;79,2;90,1
AZEcc2023;AZE;Azerbaijan;2023;cc;-1,20;0,18;6;12,3;4,2;20,3
BHScc2023;BHS;Bahamas;2023;cc;1,27;0,20;5;88,2;79,7;92,9
BHRcc2023;BHR;Bahrain;2023;cc;0,18;0,19;7;59,4;50,5;65,6
BGDcc2023;BGD;Bangladesh;2023;cc;-1,12;0,16;12;14,6;7,5;20,8
BRBcc2023;BRB;Barbados;2023;cc;1,34;0,20;6;89,6;81,1;94,8
BLRcc2023;BLR;Belarus;2023;cc;-0,67;0,16;7;26,9;19,8;39,6
BELcc2023;BEL;Belgium;2023;cc;1,34;0,17;9;89,2;82,1;92,9
BLZcc2023;BLZ;Belize;2023;cc;-0,23;0,23;4;48,1;29,2;59,0
BENcc2023;BEN;Benin;2023;cc;-0,05;0,16;12;52,8;43,9;60,8
BMUcc2023;BMU;Bermuda;2023;cc;1,25;0,46;1;87,7;65,6;96,7
BTNcc2023;BTN;Bhutan;2023;cc;1,53;0,20;7;91,0;84,4;95,8
BOLcc2023;BOL;Bolivia;2023;cc;-0,84;0,16;10;21,7;15,1;31,1
BIHcc2023;BIH;Bosnia and Herzegovina;2023;cc;-0,58;0,17;9;30,7;21,2;45,3
BWAcc2023;BWA;Botswana;2023;cc;0,69;0,16;11;73,6;64,6;80,2
BRAcc2023;BRA;Brazil;2023;cc;-0,50;0,17;10;34,4;23,6;47,2
BRNcc2023;BRN;Brunei Darussalam;2023;cc;1,28;0,25;3;88,7;79,2;94,8
BGRcc2023;BGR;Bulgaria;2023;cc;-0,14;0,14;12;50,0;40,6;58,0
BFAcc2023;BFA;Burkina Faso;2023;cc;-0,17;0,16;12;49,5;38,2;57,1
BDIcc2023;BDI;Burundi;2023;cc;-1,56;0,19;8;3,3;0,0;9,9
KHMcc2023;KHM;Cambodia;2023;cc;-1,30;0,16;11;9,4;2,8;17,0
CMRcc2023;CMR;Cameroon;2023;cc;-1,16;0,15;13;13,2;6,6;19,8
CANcc2023;CAN;Canada;2023;cc;1,67;0,18;9;94,8;89,6;96,7
CPVcc2023;CPV;Cape Verde;2023;cc;0,98;0,21;8;81,1;71,7;88,7
CYMcc2023;CYM;Cayman Islands;2023;cc;0,44;0,30;2;65,1;51,9;79,7
CAFcc2023;CAF;Central African Republic;2023;cc;-1,31;0,19;9;9,0;1,9;17,9
TCDcc2023;TCD;Chad;2023;cc;-1,48;0,18;11;4,7;0,0;12,3
CHLcc2023;CHL;Chile;2023;cc;0,97;0,17;10;80,7;74,1;84,4
CHNcc2023;CHN;China;2023;cc;-0,01;0,16;9;54,2;46,7;60,8
COLcc2023;COL;Colombia;2023;cc;-0,31;0,16;11;44,8;30,7;52,8
COMcc2023;COM;Comoros;2023;cc;-0,99;0,24;7;19,3;6,6;30,2
ZARcc2023;ZAR;Congo Dem. Rep.;2023;cc;-1,48;0,15;12;5,2;0,9;10,4
COGcc2023;COG;Congo Rep.;2023;cc;-1,35;0,16;10;8,0;1,9;15,6
COKcc2023;COK;Cook Islands;2023;cc;0,03;1,06;1;55,7;0,9;95,3
CRIcc2023;CRI;Costa Rica;2023;cc;0,65;0,17;10;72,6;63,2;79,7
HRVcc2023;HRV;Croatia;2023;cc;0,18;0,15;11;59,9;51,9;64,6
CUBcc2023;CUB;Cuba;2023;cc;-0,06;0,20;5;52,4;39,6;60,8
CYPcc2023;CYP;Cyprus;2023;cc;0,33;0,17;9;62,7;57,1;69,8
CZEcc2023;CZE;Czech Republic;2023;cc;0,77;0,15;11;76,9;66,0;81,1
CIVcc2023;CIV;Cote d'Ivoire;2023;cc;-0,31;0,15;14;44,3;32,1;51,9
DNKcc2023;DNK;Denmark;2023;cc;2,38;0,17;9;100,0;98,6;100,0
DJIcc2023;DJI;Djibouti;2023;cc;-0,78;0,19;8;23,6;15,6;36,8
DMAcc2023;DMA;Dominica;2023;cc;0,54;0,25;3;67,5;59,0;80,2
DOMcc2023;DOM;Dominican Republic;2023;cc;-0,45;0,17;9;37,7;25,0;49,5
ECUcc2023;ECU;Ecuador;2023;cc;-0,65;0,17;9;27,8;19,8;41,0
EGYcc2023;EGY;Egypt Arab Rep.;2023;cc;-0,75;0,16;9;24,5;17,5;36,8
SLVcc2023;SLV;El Salvador;2023;cc;-0,56;0,16;11;32,1;22,2;45,3
GNQcc2023;GNQ;Equatorial Guinea;2023;cc;-1,57;0,23;5;2,8;0,0;11,8
ERIcc2023;ERI;Eritrea;2023;cc;-1,48;0,19;8;5,7;0,0;13,2
ESTcc2023;EST;Estonia;2023;cc;1,54;0,14;12;91,5;88,7;95,3
SWZcc2023;SWZ;Eswatini;2023;cc;-0,73;0,21;8;25,0;15,6;39,2
ETHcc2023;ETH;Ethiopia;2023;cc;-0,47;0,16;11;37,3;25,0;48,1
FJIcc2023;FJI;Fiji;2023;cc;0,51;0,30;4;66,0;54,7;81,1
FINcc2023;FIN;Finland;2023;cc;2,22;0,17;9;99,5;96,7;100,0
FRAcc2023;FRA;France;2023;cc;1,18;0,16;10;84,0;79,7;90,1
GUFcc2023;GUF;French Guiana;2023;cc;0,94;0,30;2;80,2;65,1;90,1
GABcc2023;GAB;Gabon;2023;cc;-1,02;0,17;9;17,9;9,0;25,0
GMBcc2023;GMB;Gambia;2023;cc;-0,28;0,15;13;46,2;33,0;52,8
GEOcc2023;GEO;Georgia;2023;cc;0,62;0,17;9;71,2;62,7;79,2
DEUcc2023;DEU;Germany;2023;cc;1,66;0,16;10;94,3;89,6;96,7
GHAcc2023;GHA;Ghana;2023;cc;-0,10;0,15;15;51,4;42,9;59,0
GRCcc2023;GRC;Greece;2023;cc;0,10;0,16;10;58,0;49,1;63,2
GRLcc2023;GRL;Greenland;2023;cc;1,03;0,37;1;82,1;64,6;93,9
GRDcc2023;GRD;Grenada;2023;cc;0,56;0,25;4;68,4;59,0;80,7
GUMcc2023;GUM;Guam;2023;cc;1,25;0,46;1;87,7;65,6;96,7
GTMcc2023;GTM;Guatemala;2023;cc;-1,12;0,17;9;14,2;6,6;21,2
GINcc2023;GIN;Guinea;2023;cc;-0,90;0,16;12;20,3;13,7;27,8
GNBcc2023;GNB;Guinea-Bissau;2023;cc;-1,18;0,20;8;12,7;4,2;21,2
GUYcc2023;GUY;Guyana;2023;cc;-0,38;0,18;6;40,6;25,9;51,4
HTIcc2023;HTI;Haiti;2023;cc;-1,44;0,16;9;6,1;0,9;12,7
HNDcc2023;HND;Honduras;2023;cc;-1,11;0,16;11;15,1;7,5;21,2
HKGcc2023;HKG;Hong Kong;2023;cc;1,63;0,17;10;93,4;89,6;96,2
HUNcc2023;HUN;Hungary;2023;cc;0,00;0,14;12;54,7;47,2;60,8
ISLcc2023;ISL;Iceland;2023;cc;1,55;0,20;7;92,0;84,4;96,2
INDcc2023;IND;India;2023;cc;-0,37;0,15;12;41,5;28,8;50,5
IDNcc2023;IDN;Indonesia;2023;cc;-0,49;0,15;12;36,3;24,5;47,2
IRNcc2023;IRN;Iran;2023;cc;-1,23;0,17;7;10,4;3,8;19,8
IRQcc2023;IRQ;Iraq;2023;cc;-1,32;0,20;7;8,5;1,9;18,9
IRLcc2023;IRL;Ireland;2023;cc;1,58;0,17;9;92,9;88,7;95,8
ISRcc2023;ISR;Israel;2023;cc;0,83;0,20;7;78,8;65,6;83,5
ITAcc2023;ITA;Italy;2023;cc;0,55;0,17;9;67,9;60,8;78,3
JAMcc2023;JAM;Jamaica;2023;cc;-0,11;0,17;9;50,9;39,6;59,0
JPNcc2023;JPN;Japan;2023;cc;1,40;0,17;9;90,1;82,5;94,8
JEYcc2023;JEY;Jersey;2023;cc;1,03;0,37;1;82,1;64,6;93,9
JORcc2023;JOR;Jordan;2023;cc;0,09;0,17;9;57,5;48,6;63,2
KAZcc2023;KAZ;Kazakhstan;2023;cc;-0,27;0,15;10;47,2;33,0;53,8
KENcc2023;KEN;Kenya;2023;cc;-0,77;0,15;13;24,1;17,5;33,0
KIRcc2023;KIR;Kiribati;2023;cc;0,41;0,35;3;64,2;49,5;81,1
PRKcc2023;PRK;Korea Dem. Rep.;2023;cc;-1,58;0,20;5;2,4;0,0;9,9
KORcc2023;KOR;Korea Rep.;2023;cc;0,89;0,16;10;79,7;71,7;83,5
KSVcc2023;KSV;Kosovo;2023;cc;-0,19;0,16;9;48,6;37,3;57,1
KWTcc2023;KWT;Kuwait;2023;cc;0,21;0,17;8;60,4;51,9;65,6
KGZcc2023;KGZ;Kyrgyz Republic;2023;cc;-1,22;0,15;12;11,3;5,7;19,8
LAOcc2023;LAO;Lao PDR;2023;cc;-0,97;0,19;8;19,8;9,4;26,9
LVAcc2023;LVA;Latvia;2023;cc;0,70;0,15;11;74,5;65,6;80,2
LBNcc2023;LBN;Lebanon;2023;cc;-1,23;0,18;7;10,8;3,8;19,8
LSOcc2023;LSO;Lesotho;2023;cc;-0,51;0,18;12;33,5;23,1;48,1
LBRcc2023;LBR;Liberia;2023;cc;-0,89;0,15;13;20,8;13,7;27,8
LBYcc2023;LBY;Libya;2023;cc;-1,53;0,20;7;3,8;0,0;11,8
LIEcc2023;LIE;Liechtenstein;2023;cc;1,71;0,30;2;95,3;84,4;99,1
LTUcc2023;LTU;Lithuania;2023;cc;0,78;0,15;11;77,8;66,5;81,1
LUXcc2023;LUX;Luxembourg;2023;cc;1,93;0,17;9;96,7;93,9;99,1
MACcc2023;MAC;Macao SAR;2023;cc;0,85;0,27;3;79,2;63,2;88,7
MDGcc2023;MDG;Madagascar;2023;cc;-1,00;0,15;13;18,4;9,9;24,1
MWIcc2023;MWI;Malawi;2023;cc;-0,60;0,15;13;29,7;21,2;42,0
MYScc2023;MYS;Malaysia;2023;cc;0,30;0,16;10;61,8;55,7;68,4
MDVcc2023;MDV;Maldives;2023;cc;-0,40;0,30;4;39,6;20,3;58,0
MLIcc2023;MLI;Mali;2023;cc;-0,86;0,15;13;21,2;15,1;28,8
MLTcc2023;MLT;Malta;2023;cc;0,11;0,17;8;58,5;49,1;63,2
MHLcc2023;MHL;Marshall Islands;2023;cc;0,41;0,35;3;64,2;49,5;81,1
MTQcc2023;MTQ;Martinique;2023;cc;0,62;0,46;1;70,8;49,5;89,6
MRTcc2023;MRT;Mauritania;2023;cc;-0,82;0,17;11;22,6;15,6;32,1
MUScc2023;MUS;Mauritius;2023;cc;0,45;0,18;10;65,6;59,0;76,4
MEXcc2023;MEX;Mexico;2023;cc;-1,02;0,16;11;17,5;9,4;24,1
FSMcc2023;FSM;Micronesia;2023;cc;0,78;0,35;3;78,3;59,9;89,6
MDAcc2023;MDA;Moldova;2023;cc;-0,28;0,16;8;46,7;32,1;53,8
MCOcc2023;MCO;Monaco;2023;cc;1,25;0,46;1;87,7;65,6;96,7
MNGcc2023;MNG;Mongolia;2023;cc;-0,49;0,16;11;35,4;24,1;47,2
MNEcc2023;MNE;Montenegro;2023;cc;-0,08;0,17;9;51,9;42,0;59,9
MARcc2023;MAR;Morocco;2023;cc;-0,54;0,16;11;33,0;23,1;46,7
MOZcc2023;MOZ;Mozambique;2023;cc;-0,83;0,16;12;22,2;15,6;31,1
MMRcc2023;MMR;Myanmar;2023;cc;-1,22;0,17;8;11,8;4,2;19,8
NAMcc2023;NAM;Namibia;2023;cc;0,11;0,17;9;59,0;49,1;63,2
NRUcc2023;NRU;Nauru;2023;cc;0,59;0,46;2;69,8;49,5;89,2
NPLcc2023;NPL;Nepal;2023;cc;-0,51;0,17;11;34,0;23,6;47,2
NLDcc2023;NLD;Netherlands;2023;cc;1,87;0,17;9;96,2;92,9;99,1
ANTcc2023;ANT;Netherlands Antilles;2023;cc;..;..;..;..;..;..
NZLcc2023;NZL;New Zealand;2023;cc;2,08;0,18;9;98,6;95,8;99,5
NICcc2023;NIC;Nicaragua;2023;cc;-1,39;0,17;8;7,1;1,4;14,6
NERcc2023;NER;Niger;2023;cc;-0,56;0,16;12;31,6;22,6;44,8
NGAcc2023;NGA;Nigeria;2023;cc;-1,04;0,15;13;17,0;9,4;23,1
NIUcc2023;NIU;Niue;2023;cc;-0,18;1,06;1;49,1;0,0;92,0
MKDcc2023;MKD;North Macedonia;2023;cc;-0,35;0,17;9;42,5;28,3;51,9
NORcc2023;NOR;Norway;2023;cc;2,11;0,18;7;99,1;95,8;100,0
OMNcc2023;OMN;Oman;2023;cc;0,22;0,20;6;60,8;50,9;66,5
PAKcc2023;PAK;Pakistan;2023;cc;-1,00;0,16;12;18,9;9,9;24,5
PLWcc2023;PLW;Palau;2023;cc;0,59;0,46;2;69,8;49,5;89,2
PANcc2023;PAN;Panama;2023;cc;-0,63;0,17;9;28,3;19,8;42,5
PNGcc2023;PNG;Papua New Guinea;2023;cc;-0,66;0,18;8;27,4;19,8;42,0
PRYcc2023;PRY;Paraguay;2023;cc;-1,06;0,17;10;16,0;8,0;23,1
PERcc2023;PER;Peru;2023;cc;-0,72;0,16;11;25,5;19,3;37,3
PHLcc2023;PHL;Philippines;2023;cc;-0,54;0,15;12;32,5;23,1;45,3
POLcc2023;POL;Poland;2023;cc;0,57;0,15;11;68,9;61,8;78,3
PRTcc2023;PRT;Portugal;2023;cc;0,70;0,16;10;74,1;64,6;80,2
PRIcc2023;PRI;Puerto Rico;2023;cc;0,02;0,27;4;55,2;38,2;65,6
QATcc2023;QAT;Qatar;2023;cc;0,70;0,19;7;75,0;63,2;81,1
ROMcc2023;ROM;Romania;2023;cc;0,04;0,14;12;56,1;48,1;60,8
RUScc2023;RUS;Russian Federation;2023;cc;-1,10;0,16;8;15,6;7,5;21,7
RWAcc2023;RWA;Rwanda;2023;cc;0,67;0,16;11;73,1;63,2;80,2
REUcc2023;REU;Reunion;2023;cc;0,62;0,46;1;70,8;49,5;89,6
WSMcc2023;WSM;Samoa;2023;cc;0,73;0,33;4;75,9;59,9;88,2
SMRcc2023;SMR;San Marino;2023;cc;1,25;0,46;1;87,7;65,6;96,7
SAUcc2023;SAU;Saudi Arabia;2023;cc;0,54;0,18;8;66,5;60,8;78,8
SENcc2023;SEN;Senegal;2023;cc;0,06;0,15;13;56,6;48,1;61,8
SRBcc2023;SRB;Serbia;2023;cc;-0,45;0,16;9;38,2;25,5;48,1
SYCcc2023;SYC;Seychelles;2023;cc;1,63;0,26;5;93,9;84,4;98,1
SLEcc2023;SLE;Sierra Leone;2023;cc;-0,57;0,15;14;31,1;22,6;43,4
SGPcc2023;SGP;Singapore;2023;cc;2,04;0,16;11;98,1;95,3;99,5
SVKcc2023;SVK;Slovak Republic;2023;cc;0,29;0,14;12;61,3;56,1;66,0
SVNcc2023;SVN;Slovenia;2023;cc;0,78;0,15;11;77,4;66,5;81,1
SLBcc2023;SLB;Solomon Islands;2023;cc;-0,13;0,27;5;50,5;31,1;61,8
SOMcc2023;SOM;Somalia;2023;cc;-1,73;0,18;8;0,9;0,0;6,1
ZAFcc2023;ZAF;South Africa;2023;cc;-0,28;0,16;11;45,8;32,1;53,3
SSDcc2023;SSD;South Sudan;2023;cc;-1,97;0,22;7;0,0;0,0;1,9
ESPcc2023;ESP;Spain;2023;cc;0,63;0,16;10;71,7;62,7;79,7
LKAcc2023;LKA;Sri Lanka;2023;cc;-0,38;0,16;9;40,1;27,4;50,5
KNAcc2023;KNA;St. Kitts and Nevis;2023;cc;0,41;0,29;2;64,6;51,9;79,2
LCAcc2023;LCA;St. Lucia;2023;cc;0,54;0,25;3;67,0;59,0;80,2
VCTcc2023;VCT;St. Vincent and the Grenadines;2023;cc;0,74;0,25;3;76,4;61,8;83,5
SDNcc2023;SDN;Sudan;2023;cc;-1,50;0,16;11;4,2;0,0;9,9
SURcc2023;SUR;Suriname;2023;cc;-0,40;0,19;6;39,2;25,0;51,4
SWEcc2023;SWE;Sweden;2023;cc;2,03;0,17;9;97,6;95,3;99,5
CHEcc2023;CHE;Switzerland;2023;cc;2,02;0,20;7;97,2;94,8;99,5
SYRcc2023;SYR;Syrian Arab Republic;2023;cc;-1,75;0,19;6;0,5;0,0;6,1
STPcc2023;STP;Sao Tome and Principe;2023;cc;0,36;0,21;8;63,2;55,2;74,5
TWNcc2023;TWN;Taiwan;2023;cc;1,20;0,18;9;84,4;79,7;90,6
TJKcc2023;TJK;Tajikistan;2023;cc;-1,38;0,18;8;7,5;1,4;15,6
TZAcc2023;TZA;Tanzania;2023;cc;-0,32;0,15;14;43,9;31,1;51,9
THAcc2023;THA;Thailand;2023;cc;-0,49;0,16;10;35,8;24,1;48,1
TMPcc2023;TMP;Timor-Leste;2023;cc;-0,23;0,21;7;47,6;31,1;59,0
TGOcc2023;TGO;Togo;2023;cc;-0,62;0,15;13;28,8;20,8;41,0
TONcc2023;TON;Tonga;2023;cc;-0,31;0,35;3;45,3;20,8;60,8
TTOcc2023;TTO;Trinidad and Tobago;2023;cc;-0,37;0,17;8;41,0;27,4;51,4
TUNcc2023;TUN;Tunisia;2023;cc;-0,34;0,16;11;42,9;29,2;51,9
TKMcc2023;TKM;Turkmenistan;2023;cc;-1,42;0,20;5;6,6;0,0;15,6
TUVcc2023;TUV;Tuvalu;2023;cc;0,65;0,35;3;72,2;57,1;84,4
TURcc2023;TUR;Turkiye;2023;cc;-0,50;0,17;9;34,9;23,6;47,2
UGAcc2023;UGA;Uganda;2023;cc;-1,04;0,16;12;16,5;9,4;23,1
UKRcc2023;UKR;Ukraine;2023;cc;-0,69;0,16;9;25,9;19,8;38,2
AREcc2023;ARE;United Arab Emirates;2023;cc;1,07;0,17;8;82,5;78,3;89,6
GBRcc2023;GBR;United Kingdom;2023;cc;1,48;0,18;8;90,6;84,0;95,3
USAcc2023;USA;United States;2023;cc;1,12;0,17;10;83,0;78,8;90,1
URYcc2023;URY;Uruguay;2023;cc;1,57;0,17;9;92,5;88,7;95,8
UZBcc2023;UZB;Uzbekistan;2023;cc;-0,81;0,15;10;23,1;16,0;32,1
VUTcc2023;VUT;Vanuatu;2023;cc;-0,01;0,26;6;53,8;38,2;63,2
VENcc2023;VEN;Venezuela;2023;cc;-1,69;0,17;9;1,4;0,0;6,6
VNMcc2023;VNM;Viet Nam;2023;cc;-0,42;0,16;10;38,7;26,4;49,5
VIRcc2023;VIR;Virgin Islands;2023;cc;-0,02;0,46;1;53,3;23,6;76,4
WBGcc2023;WBG;West Bank and Gaza;2023;cc;-0,68;0,25;5;26,4;15,6;47,2
YEMcc2023;YEM;Yemen;2023;cc;-1,65;0,18;8;1,9;0,0;7,5
ZMBcc2023;ZMB;Zambia;2023;cc;-0,48;0,16;12;36,8;24,5;48,1
ZWEcc2023;ZWE;Zimbabwe;2023;cc;-1,26;0,15;13;9,9;3,8;17,9
AFGge2023;AFG;Afghanistan;2023;ge;-1,99;0,29;6;1,4;0,0;6,6
ALBge2023;ALB;Albania;2023;ge;0,25;0,28;6;60,4;42,9;75,0
DZAge2023;DZA;Algeria;2023;ge;-0,67;0,24;7;27,4;13,2;40,1
ASMge2023;ASM;American Samoa;2023;ge;0,65;0,51;1;73,1;43,4;91,5
ADOge2023;ADO;Andorra;2023;ge;1,48;0,51;1;91,0;70,8;99,5
AGOge2023;AGO;Angola;2023;ge;-1,01;0,24;8;14,6;8,0;29,2
AIAge2023;AIA;Anguilla;2023;ge;1,20;0,51;1;87,3;62,3;99,1
ATGge2023;ATG;Antigua and Barbuda;2023;ge;0,38;0,51;1;63,7;34,4;87,7
ARGge2023;ARG;Argentina;2023;ge;-0,38;0,24;8;36,3;23,1;52,4
ARMge2023;ARM;Armenia;2023;ge;-0,18;0,28;6;43,9;27,8;62,3
ABWge2023;ABW;Aruba;2023;ge;0,80;0,38;2;78,3;58,5;90,6
AUSge2023;AUS;Australia;2023;ge;1,59;0,28;6;93,9;82,5;99,1
AUTge2023;AUT;Austria;2023;ge;1,33;0,26;8;89,6;79,7;97,2
AZEge2023;AZE;Azerbaijan;2023;ge;-0,03;0,30;5;50,5;32,1;67,5
BHSge2023;BHS;Bahamas;2023;ge;0,27;0,34;3;61,8;39,2;78,8
BHRge2023;BHR;Bahrain;2023;ge;0,70;0,26;7;74,5;61,8;82,5
BGDge2023;BGD;Bangladesh;2023;ge;-0,70;0,25;10;26,9;12,7;40,1
BRBge2023;BRB;Barbados;2023;ge;0,38;0,33;4;64,2;44,3;79,7
BLRge2023;BLR;Belarus;2023;ge;-0,99;0,31;4;15,1;6,6;33,0
BELge2023;BEL;Belgium;2023;ge;1,04;0,26;7;80,7;69,8;90,6
BLZge2023;BLZ;Belize;2023;ge;-0,38;0,38;2;36,8;14,6;59,4
BENge2023;BEN;Benin;2023;ge;-0,22;0,21;10;42,5;30,7;56,6
BMUge2023;BMU;Bermuda;2023;ge;1,20;0,51;1;87,3;62,3;99,1
BTNge2023;BTN;Bhutan;2023;ge;0,57;0,29;6;69,3;55,7;81,1
BOLge2023;BOL;Bolivia;2023;ge;-0,64;0,26;8;29,2;13,2;42,5
BIHge2023;BIH;Bosnia and Herzegovina;2023;ge;-0,97;0,29;6;15,6;7,5;33,0
BWAge2023;BWA;Botswana;2023;ge;0,43;0,22;9;67,0;53,8;78,8
BRAge2023;BRA;Brazil;2023;ge;-0,55;0,24;8;32,1;16,5;44,8
BRNge2023;BRN;Brunei Darussalam;2023;ge;1,40;0,34;3;90,1;78,8;98,1
BGRge2023;BGR;Bulgaria;2023;ge;0,05;0,24;9;53,3;37,7;67,5
BFAge2023;BFA;Burkina Faso;2023;ge;-0,83;0,22;10;21,2;11,3;34,0
BDIge2023;BDI;Burundi;2023;ge;-1,20;0,23;7;11,3;6,1;21,2
KHMge2023;KHM;Cambodia;2023;ge;-0,31;0,26;9;38,2;24,5;56,1
CMRge2023;CMR;Cameroon;2023;ge;-0,91;0,21;11;17,5;9,9;31,1
CANge2023;CAN;Canada;2023;ge;1,52;0,28;6;92,0;81,6;98,1
CPVge2023;CPV;Cape Verde;2023;ge;0,01;0,25;7;52,4;35,4;66,5
CYMge2023;CYM;Cayman Islands;2023;ge;1,24;0,38;2;88,2;70,3;97,6
CAFge2023;CAF;Central African Republic;2023;ge;-1,74;0,23;8;4,2;0,9;8,5
TCDge2023;TCD;Chad;2023;ge;-1,48;0,21;10;7,5;2,4;12,7
CHLge2023;CHL;Chile;2023;ge;0,72;0,24;8;75,9;62,3;82,5
CHNge2023;CHN;China;2023;ge;0,68;0,26;7;73,6;60,4;82,1
COLge2023;COL;Colombia;2023;ge;-0,08;0,24;9;48,1;33,5;62,3
COMge2023;COM;Comoros;2023;ge;-1,54;0,26;6;6,6;2,4;12,7
ZARge2023;ZAR;Congo;2023;ge;-1,69;0,21;10;4,7;0,9;9,0
COGge2023;COG;Congo;2023;ge;-1,33;0,24;8;9,4;4,2;16,5
COKge2023;COK;Cook Islands;2023;ge;-0,15;0,94;1;44,8;4,7;89,6
CRIge2023;CRI;Costa Rica;2023;ge;0,26;0,26;8;60,8;43,9;73,6
HRVge2023;HRV;Croatia;2023;ge;0,71;0,26;8;75,5;62,3;82,5
CUBge2023;CUB;Cuba;2023;ge;-0,48;0,31;4;33,5;15,1;52,8
CYPge2023;CYP;Cyprus;2023;ge;0,74;0,26;7;76,4;62,3;84,4
CZEge2023;CZE;Czech Republic;2023;ge;1,11;0,25;8;82,5;74,5;92,0
CIVge2023;CIV;Cote d'Ivoire;2023;ge;-0,36;0,21;12;37,3;26,4;50,5
DNKge2023;DNK;Denmark;2023;ge;2,02;0,26;7;98,6;93,4;100,0
DJIge2023;DJI;Djibouti;2023;ge;-0,73;0,23;7;25,5;12,7;37,7
DMAge2023;DMA;Dominica;2023;ge;0,26;0,42;2;61,3;35,4;79,7
DOMge2023;DOM;Dominican Republic;2023;ge;0,13;0,26;7;56,6;38,2;68,9
ECUge2023;ECU;Ecuador;2023;ge;-0,49;0,26;7;32,5;16,5;48,6
EGYge2023;EGY;Egypt;2023;ge;-0,24;0,24;8;42,0;29,2;57,5
SLVge2023;SLV;El Salvador;2023;ge;0,05;0,26;9;53,8;36,8;67,5
GNQge2023;GNQ;Equatorial Guinea;2023;ge;-1,32;0,27;4;9,9;3,3;19,3
ERIge2023;ERI;Eritrea;2023;ge;-1,79;0,23;7;2,8;0,9;8,0
ESTge2023;EST;Estonia;2023;ge;1,26;0,24;9;88,7;79,2;96,7
SWZge2023;SWZ;Eswatini;2023;ge;-0,88;0,26;7;19,3;9,9;34,4
ETHge2023;ETH;Ethiopia;2023;ge;-0,77;0,22;9;24,1;12,7;35,4
FJIge2023;FJI;Fiji;2023;ge;0,49;0,41;3;68,4;43,4;84,4
FINge2023;FIN;Finland;2023;ge;1,74;0,26;7;97,2;89,2;99,5
FRAge2023;FRA;France;2023;ge;1,14;0,26;8;83,0;75,5;93,4
GUFge2023;GUF;French Guiana;2023;ge;1,28;0,38;2;89,2;73,1;97,6
GABge2023;GAB;Gabon;2023;ge;-0,78;0,25;7;23,1;11,3;36,8
GMBge2023;GMB;Gambia;2023;ge;-0,59;0,22;11;29,7;16,5;42,0
GEOge2023;GEO;Georgia;2023;ge;0,79;0,29;6;77,8;62,3;88,7
DEUge2023;DEU;Germany;2023;ge;1,19;0,26;8;85,4;76,9;95,3
GHAge2023;GHA;Ghana;2023;ge;-0,09;0,20;13;47,2;35,4;59,0
GRCge2023;GRC;Greece;2023;ge;0,15;0,26;8;57,5;40,1;69,3
GRLge2023;GRL;Greenland;2023;ge;0,76;0,49;1;77,4;49,1;93,4
GRDge2023;GRD;Grenada;2023;ge;-0,01;0,42;2;50,9;26,4;73,6
GUMge2023;GUM;Guam;2023;ge;0,65;0,51;1;73,1;43,4;91,5
GTMge2023;GTM;Guatemala;2023;ge;-0,90;0,26;7;18,4;9,4;34,0
GINge2023;GIN;Guinea;2023;ge;-0,91;0,22;10;17,0;9,9;31,1
GNBge2023;GNB;Guinea-Bissau;2023;ge;-1,43;0,24;7;8,0;2,4;13,2
GUYge2023;GUY;Guyana;2023;ge;-0,29;0,31;4;39,6;21,2;58,5
HTIge2023;HTI;Haiti;2023;ge;-2,23;0,28;6;0,9;0,0;3,3
HNDge2023;HND;Honduras;2023;ge;-0,80;0,24;9;22,6;11,3;35,4
HKGge2023;HKG;Hong Kong;2023;ge;1,55;0,27;7;92,9;82,1;98,1
HUNge2023;HUN;Hungary;2023;ge;0,37;0,24;9;62,7;50,5;77,4
ISLge2023;ISL;Iceland;2023;ge;1,56;0,28;6;93,4;82,1;98,1
INDge2023;IND;India;2023;ge;0,48;0,25;9;67,9;53,8;79,7
IDNge2023;IDN;Indonesia;2023;ge;0,58;0,25;9;69,8;58,0;80,2
IRNge2023;IRN;Iran;2023;ge;-1,02;0,28;6;14,2;7,1;31,1
IRQge2023;IRQ;Iraq;2023;ge;-1,39;0,30;6;8,5;2,4;17,9
IRLge2023;IRL;Ireland;2023;ge;1,59;0,26;7;94,3;84,0;99,1
ISRge2023;ISR;Israel;2023;ge;1,15;0,28;6;83,5;73,6;94,3
ITAge2023;ITA;Italy;2023;ge;0,61;0,26;7;70,3;58,5;81,1
JAMge2023;JAM;Jamaica;2023;ge;0,41;0,28;6;66,0;48,6;79,2
JPNge2023;JPN;Japan;2023;ge;1,63;0,28;6;96,7;84,4;99,1
JEYge2023;JEY;Jersey;2023;ge;1,18;0,49;1;84,9;62,7;98,1
JORge2023;JOR;Jordan;2023;ge;0,39;0,26;7;64,6;49,5;78,8
KAZge2023;KAZ;Kazakhstan;2023;ge;0,15;0,26;7;57,1;40,1;69,3
KENge2023;KEN;Kenya;2023;ge;-0,30;0,21;11;38,7;27,8;52,8
KIRge2023;KIR;Kiribati;2023;ge;-0,10;0,41;3;46,2;23,1;69,8
PRKge2023;PRK;Korea;2023;ge;-1,48;0,31;4;7,1;0,9;15,1
KORge2023;KOR;Korea;2023;ge;1,40;0,26;7;90,6;79,7;97,6
KSVge2023;KSV;Kosovo;2023;ge;-0,08;0,28;6;47,6;32,1;62,3
KWTge2023;KWT;Kuwait;2023;ge;0,01;0,26;7;51,4;35,4;67,0
KGZge2023;KGZ;Kyrgyz Republic;2023;ge;-0,89;0,26;9;18,9;9,4;34,4
LAOge2023;LAO;Lao PDR;2023;ge;-0,64;0,27;8;28,3;13,2;42,9
LVAge2023;LVA;Latvia;2023;ge;0,70;0,25;8;74,1;62,3;82,1
LBNge2023;LBN;Lebanon;2023;ge;-1,58;0,30;5;6,1;0,9;13,2
LSOge2023;LSO;Lesotho;2023;ge;-0,95;0,21;11;16,5;9,9;29,2
LBRge2023;LBR;Liberia;2023;ge;-1,36;0,21;11;9,0;4,2;14,2
LBYge2023;LBY;Libya;2023;ge;-1,64;0,26;6;5,2;0,9;9,9
LIEge2023;LIE;Liechtenstein;2023;ge;1,63;0,38;2;96,2;80,2;99,5
LTUge2023;LTU;Lithuania;2023;ge;1,05;0,25;8;81,6;70,8;90,6
LUXge2023;LUX;Luxembourg;2023;ge;1,91;0,26;7;98,1;91,5;100,0
MACge2023;MAC;Macao;2023;ge;1,09;0,38;2;82,1;67,5;96,7
MDGge2023;MDG;Madagascar;2023;ge;-1,02;0,22;11;13,7;8,5;27,4
MWIge2023;MWI;Malawi;2023;ge;-0,86;0,21;11;19,8;10,8;32,1
MYSge2023;MYS;Malaysia;2023;ge;0,88;0,26;7;79,7;67,5;89,2
MDVge2023;MDV;Maldives;2023;ge;-0,13;0,41;3;45,3;21,7;68,9
MLIge2023;MLI;Mali;2023;ge;-1,14;0,21;11;12,7;7,1;22,2
MLTge2023;MLT;Malta;2023;ge;0,40;0,29;6;65,6;48,1;79,2
MHLge2023;MHL;Marshall Islands;2023;ge;0,07;0,41;3;54,7;29,2;76,4
MTQge2023;MTQ;Martinique;2023;ge;0,65;0,51;1;73,1;43,4;91,5
MRTge2023;MRT;Mauritania;2023;ge;-0,76;0,22;9;24,5;12,7;35,4
MUSge2023;MUS;Mauritius;2023;ge;0,71;0,25;8;75,0;62,3;82,1
MEXge2023;MEX;Mexico;2023;ge;-0,20;0,24;9;43,4;29,2;58,5
FSMge2023;FSM;Micronesia;2023;ge;0,23;0,41;3;59,4;35,4;79,7
MDAge2023;MDA;Moldova;2023;ge;-0,16;0,30;5;44,3;27,4;62,3
MCOge2023;MCO;Monaco;2023;ge;2,02;0,51;1;99,1;84,9;100,0
MNGge2023;MNG;Mongolia;2023;ge;-0,47;0,25;9;34,0;19,3;48,6
MNEge2023;MNE;Montenegro;2023;ge;0,25;0,29;6;59,9;42,0;75,9
MARge2023;MAR;Morocco;2023;ge;-0,04;0,23;10;50,0;35,4;62,3
MOZge2023;MOZ;Mozambique;2023;ge;-0,72;0,22;10;25,9;13,2;36,8
MMRge2023;MMR;Myanmar;2023;ge;-1,75;0,28;6;3,8;0,9;9,9
NAMge2023;NAM;Namibia;2023;ge;0,03;0,24;7;52,8;36,8;66,5
NRUge2023;NRU;Nauru;2023;ge;-0,07;0,50;2;48,6;19,3;76,4
NPLge2023;NPL;Nepal;2023;ge;-0,81;0,26;9;21,7;9,9;36,8
NLDge2023;NLD;Netherlands;2023;ge;1,63;0,26;7;95,8;85,4;99,1
ANTge2023;ANT;Netherlands Antilles;2023;ge;..;..;..;..;..;..
NZLge2023;NZL;New Zealand;2023;ge;1,53;0,27;7;92,5;81,6;98,1
NICge2023;NIC;Nicaragua;2023;ge;-1,08;0,28;6;13,2;6,1;29,2
NERge2023;NER;Niger;2023;ge;-0,64;0,22;10;28,8;14,6;39,6
NGAge2023;NGA;Nigeria;2023;ge;-0,85;0,21;11;20,3;11,3;32,1
NIUge2023;NIU;Niue;2023;ge;1,16;0,94;1;84,0;35,8;100,0
MKDge2023;MKD;North Macedonia;2023;ge;-0,05;0,29;6;49,1;32,1;66,5
NORge2023;NOR;Norway;2023;ge;1,80;0,30;5;97,6;89,2;99,5
OMNge2023;OMN;Oman;2023;ge;0,27;0,29;5;62,3;43,4;76,4
PAKge2023;PAK;Pakistan;2023;ge;-0,58;0,25;10;30,7;14,6;44,3
PLWge2023;PLW;Palau;2023;ge;0,44;0,50;2;67,5;36,8;88,2
PANge2023;PAN;Panama;2023;ge;-0,21;0,26;7;42,9;28,3;58,5
PNGge2023;PNG;Papua New Guinea;2023;ge;-0,80;0,28;7;22,2;9,9;37,7
PRYge2023;PRY;Paraguay;2023;ge;-0,46;0,26;8;34,4;18,9;50,0
PERge2023;PER;Peru;2023;ge;-0,49;0,24;9;33,0;18,9;46,2
PHLge2023;PHL;Philippines;2023;ge;0,15;0,25;9;58,0;40,1;68,9
POLge2023;POL;Poland;2023;ge;0,42;0,25;8;66,5;52,4;78,8
PRTge2023;PRT;Portugal;2023;ge;0,99;0,26;8;80,2;68,9;90,6
PRIge2023;PRI;Puerto Rico;2023;ge;-0,39;0,32;4;35,8;16,5;56,6
QATge2023;QAT;Qatar;2023;ge;1,20;0,26;6;85,8;77,4;95,8
ROMge2023;ROM;Romania;2023;ge;-0,09;0,24;9;46,7;32,5;62,3
RUSge2023;RUS;Russian Federation;2023;ge;-0,71;0,30;5;26,4;10,4;42,5
RWAge2023;RWA;Rwanda;2023;ge;0,39;0,22;9;65,1;52,8;76,4
REUge2023;REU;Reunion;2023;ge;0,65;0,51;1;73,1;43,4;91,5
WSMge2023;WSM;Samoa;2023;ge;0,49;0,40;4;68,9;43,9;83,5
SMRge2023;SMR;San Marino;2023;ge;1,20;0,51;1;87,3;62,3;99,1
SAUge2023;SAU;Saudi Arabia;2023;ge;0,80;0,26;8;78,8;62,7;87,3
SENge2023;SEN;Senegal;2023;ge;0,07;0,21;11;54,2;40,1;66,0
SRBge2023;SRB;Serbia;2023;ge;0,01;0,28;6;51,9;34,9;67,5
SYCge2023;SYC;Seychelles;2023;ge;0,62;0,29;4;70,8;57,5;82,1
SLEge2023;SLE;Sierra Leone;2023;ge;-1,16;0,21;12;12,3;6,6;21,2
SGPge2023;SGP;Singapore;2023;ge;2,32;0,26;8;100,0;97,6;100,0
SVKge2023;SVK;Slovak Republic;2023;ge;0,23;0,24;9;59,0;43,9;70,8
SVNge2023;SVN;Slovenia;2023;ge;1,04;0,25;8;81,1;70,8;90,6
SLBge2023;SLB;Solomon Islands;2023;ge;-0,73;0,40;4;25,0;8,5;47,2
SOMge2023;SOM;Somalia;2023;ge;-1,98;0,22;7;1,9;0,0;5,2
ZAFge2023;ZAF;South Africa;2023;ge;-0,26;0,23;9;40,6;29,2;55,7
SSDge2023;SSD;South Sudan;2023;ge;-2,33;0,25;6;0,0;0,0;2,4
ESPge2023;ESP;Spain;2023;ge;0,75;0,26;8;76,9;62,3;84,4
LKAge2023;LKA;Sri Lanka;2023;ge;-0,25;0,26;7;41,0;26,9;58,5
KNAge2023;KNA;St. Kitts and Nevis;2023;ge;0,38;0,51;1;63,7;34,4;87,7
LCAge2023;LCA;St. Lucia;2023;ge;0,07;0,42;2;55,7;29,2;77,4
VCTge2023;VCT;St. Vincent and the Grenadines;2023;ge;0,07;0,42;2;55,7;29,2;77,4
SDNge2023;SDN;Sudan;2023;ge;-1,98;0,22;9;2,4;0,0;5,2
SURge2023;SUR;Suriname;2023;ge;-0,97;0,34;3;16,0;6,6;35,4
SWEge2023;SWE;Sweden;2023;ge;1,60;0,26;7;94,8;84,4;99,1
CHEge2023;CHE;Switzerland;2023;ge;2,13;0,28;6;99,5;96,7;100,0
SYRge2023;SYR;Syrian Arab Republic;2023;ge;-1,79;0,30;5;3,3;0,0;9,9
STPge2023;STP;Sao Tome and Principe;2023;ge;-0,90;0,24;7;17,9;9,9;32,1
TWNge2023;TWN;TaiwanSao Tome;2023;ge;1,48;0,26;7;91,5;81,6;97,6
TJKge2023;TJK;Tajikistan;2023;ge;-0,77;0,29;7;23,6;9,9;39,2
TZAge2023;TZA;Tanzania;2023;ge;-0,46;0,21;12;34,9;22,6;45,3
THAge2023;THA;Thailand;2023;ge;0,17;0,26;7;58,5;41,0;69,8
TMPge2023;TMP;Timor-Leste;2023;ge;-0,84;0,29;6;20,8;9,4;37,3
TGOge2023;TGO;Togo;2023;ge;-0,58;0,22;11;30,2;16,5;42,0
TONge2023;TON;Tonga;2023;ge;-0,12;0,41;3;45,8;22,6;68,9
TTOge2023;TTO;Trinidad and Tobago;2023;ge;-0,04;0,29;5;49,5;32,1;66,5
TUNge2023;TUN;Tunisia;2023;ge;-0,30;0,24;9;39,2;26,9;55,7
TKMge2023;TKM;Turkmenistan;2023;ge;-1,21;0,33;3;10,8;3,8;27,4
TUVge2023;TUV;Tuvalu;2023;ge;-0,45;0,41;3;35,4;12,7;58,5
TURge2023;TUR;Turkiye;2023;ge;-0,25;0,26;7;41,5;26,9;58,5
UGAge2023;UGA;Uganda;2023;ge;-0,55;0,22;10;31,6;17,5;43,4
UKRge2023;UKR;Ukraine;2023;ge;-0,36;0,28;6;37,7;21,2;55,7
AREge2023;ARE;United Arab Emirates;2023;ge;1,60;0,26;7;95,3;84,4;99,1
GBRge2023;GBR;United Kingdom;2023;ge;1,16;0,28;6;84,4;74,5;95,3
USAge2023;USA;United States;2023;ge;1,22;0,28;6;87,7;76,9;96,7
URYge2023;URY;Uruguay;2023;ge;0,85;0,26;7;79,2;66,0;88,7
UZBge2023;UZB;Uzbekistan;2023;ge;-0,28;0,27;8;40,1;25,5;58,0
VUTge2023;VUT;Vanuatu;2023;ge;-0,57;0,39;5;31,1;10,8;53,8
VENge2023;VEN;Venezuela;2023;ge;-1,60;0,24;8;5,7;0,9;11,3
VNMge2023;VNM;Viet Nam;2023;ge;0,13;0,27;8;56,1;37,7;69,3
VIRge2023;VIR;Virgin Islands;2023;ge;0,65;0,51;1;73,1;43,4;91,5
WBGge2023;WBG;West Bank and Gaza;2023;ge;-1,21;0,36;4;10,4;2,4;29,2
YEMge2023;YEM;Yemen;2023;ge;-2,28;0,26;7;0,5;0,0;2,4
ZMBge2023;ZMB;Zambia;2023;ge;-0,66;0,21;10;27,8;14,6;37,7
ZWEge2023;ZWE;Zimbabwe;2023;ge;-1,17;0,21;11;11,8;6,6;20,8
AFGpv2023;AFG;Afghanistan;2023;pv;-2,48;0,23;5;1,4;0,0;4,7
ALBpv2023;ALB;Albania;2023;pv;0,18;0,23;6;51,7;40,3;63,5
DZApv2023;DZA;Algeria;2023;pv;-0,58;0,23;6;23,2;14,2;39,8
ASMpv2023;ASM;American Samoa;2023;pv;1,11;0,40;1;91,9;60,7;100,0
ADOpv2023;ADO;Andorra;2023;pv;1,58;0,28;3;98,6;91,9;100,0
AGOpv2023;AGO;Angola;2023;pv;-0,34;0,21;7;32,2;19,9;46,4
AIApv2023;AIA;Anguilla;2023;pv;1,11;0,40;1;91,9;60,7;100,0
ATGpv2023;ATG;Antigua and Barbuda;2023;pv;0,92;0,27;4;80,6;60,7;95,7
ARGpv2023;ARG;Argentina;2023;pv;-0,13;0,22;7;41,7;26,1;53,1
ARMpv2023;ARM;Armenia;2023;pv;-0,83;0,24;5;17,1;11,8;28,0
ABWpv2023;ABW;Aruba;2023;pv;1,43;0,26;3;97,6;84,4;100,0
AUSpv2023;AUS;Australia;2023;pv;0,92;0,21;8;79,6;64,5;95,3
AUTpv2023;AUT;Austria;2023;pv;0,73;0,22;8;71,6;55,9;90,0
AZEpv2023;AZE;Azerbaijan;2023;pv;-0,73;0,24;5;18,0;13,3;31,8
BHSpv2023;BHS;Bahamas;2023;pv;1,01;0,23;6;84,8;68,2;96,7
BHRpv2023;BHR;Bahrain;2023;pv;-0,37;0,23;6;29,4;17,5;46,4
BGDpv2023;BGD;Bangladesh;2023;pv;-0,91;0,21;8;15,6;11,8;23,7
BRBpv2023;BRB;Barbados;2023;pv;1,19;0,23;6;93,8;74,9;98,1
BLRpv2023;BLR;Belarus;2023;pv;-0,73;0,23;6;18,5;13,3;30,8
BELpv2023;BEL;Belgium;2023;pv;0,40;0,22;7;58,3;47,4;74,4
BLZpv2023;BLZ;Belize;2023;pv;0,59;0,23;5;65,4;51,7;82,5
BENpv2023;BEN;Benin;2023;pv;-0,35;0,23;5;31,8;17,5;47,4
BMUpv2023;BMU;Bermuda;2023;pv;1,02;0,31;2;86,7;62,1;98,1
BTNpv2023;BTN;Bhutan;2023;pv;0,98;0,24;4;83,4;64,9;96,7
BOLpv2023;BOL;Bolivia;2023;pv;-0,31;0,23;6;35,1;19,9;48,3
BIHpv2023;BIH;Bosnia and Herzegovina;2023;pv;-0,35;0,23;6;31,3;17,5;46,9
BWApv2023;BWA;Botswana;2023;pv;1,04;0,22;8;87,2;70,1;96,7
BRApv2023;BRA;Brazil;2023;pv;-0,41;0,21;8;28,4;17,5;43,1
BRNpv2023;BRN;Brunei Darussalam;2023;pv;1,37;0,24;5;96,7;82,9;100,0
BGRpv2023;BGR;Bulgaria;2023;pv;0,34;0,22;8;55,5;45,5;70,1
BFApv2023;BFA;Burkina Faso;2023;pv;-2,04;0,23;6;5,7;2,4;8,5
BDIpv2023;BDI;Burundi;2023;pv;-1,17;0,24;4;12,8;8,5;17,5
KHMpv2023;KHM;Cambodia;2023;pv;0,04;0,23;6;47,9;33,6;59,7
CMRpv2023;CMR;Cameroon;2023;pv;-1,40;0,23;6;11,4;7,1;13,3
CANpv2023;CAN;Canada;2023;pv;0,82;0,22;7;76,3;60,7;93,8
CPVpv2023;CPV;Cape Verde;2023;pv;0,90;0,24;4;79,1;60,7;95,7
CYMpv2023;CYM;Cayman Islands;2023;pv;1,63;0,26;3;99,5;94,3;100,0
CAFpv2023;CAF;Central African Republic;2023;pv;-2,20;0,24;5;3,3;0,5;7,1
TCDpv2023;TCD;Chad;2023;pv;-1,56;0,24;5;9,0;6,2;12,8
CHLpv2023;CHL;Chile;2023;pv;0,14;0,22;7;50,2;38,4;60,7
CHNpv2023;CHN;China;2023;pv;-0,51;0,21;8;25,1;16,6;40,3
COLpv2023;COL;Colombia;2023;pv;-0,72;0,22;8;19,0;13,3;30,8
COMpv2023;COM;Comoros;2023;pv;-0,23;0,28;3;38,9;20,4;53,1
ZARpv2023;ZAR;Congo;2023;pv;-2,04;0,21;7;5,2;2,4;7,6
COGpv2023;COG;Congo;2023;pv;0,02;0,23;6;46,9;30,8;57,3
COKpv2023;COK;Cook Islands;2023;pv;1,20;0,51;1;94,8;55,9;100,0
CRIpv2023;CRI;Costa Rica;2023;pv;0,98;0,22;7;83,9;68,2;95,7
HRVpv2023;HRV;Croatia;2023;pv;0,60;0,22;8;67,8;53,1;81,5
CUBpv2023;CUB;Cuba;2023;pv;0,38;0,24;5;56,9;46,0;74,4
CYPpv2023;CYP;Cyprus;2023;pv;0,41;0,22;7;59,2;47,4;74,4
CZEpv2023;CZE;Czech Republic;2023;pv;0,97;0,22;7;82,5;67,8;95,7
CIVpv2023;CIV;Cote d'Ivoire;2023;pv;-0,63;0,22;7;21,8;13,7;36,5
DNKpv2023;DNK;Denmark;2023;pv;0,85;0,22;7;76,8;60,7;95,3
DJIpv2023;DJI;Djibouti;2023;pv;-0,52;0,24;4;24,6;15,2;42,2
DMApv2023;DMA;Dominica;2023;pv;1,29;0,27;4;95,7;76,3;99,5
DOMpv2023;DOM;Dominican Republic;2023;pv;0,24;0,23;6;53,6;41,2;68,2
ECUpv2023;ECU;Ecuador;2023;pv;-0,34;0,23;6;32,7;19,0;47,4
EGYpv2023;EGY;Egypt;2023;pv;-0,87;0,23;6;16,6;11,8;26,1
SLVpv2023;SLV;El Salvador;2023;pv;0,00;0,22;7;46,4;30,3;55,9
GNQpv2023;GNQ;Equatorial Guinea;2023;pv;-0,24;0,24;4;38,4;21,3;50,2
ERIpv2023;ERI;Eritrea;2023;pv;-0,79;0,24;4;17,5;11,8;28,9
ESTpv2023;EST;Estonia;2023;pv;0,66;0,22;8;69,2;55,0;86,3
SWZpv2023;SWZ;Eswatini;2023;pv;-0,36;0,24;4;30,8;17,5;47,4
ETHpv2023;ETH;Ethiopia;2023;pv;-1,97;0,23;6;6,2;2,8;8,5
FJIpv2023;FJI;Fiji;2023;pv;0,74;0,25;4;73,0;55,0;91,9
FINpv2023;FIN;Finland;2023;pv;0,71;0,22;7;71,1;55,9;88,6
FRApv2023;FRA;France;2023;pv;0,34;0,22;8;55,9;45,5;70,1
GUFpv2023;GUF;French Guiana;2023;pv;0,23;0,26;3;53,1;40,3;68,7
GABpv2023;GAB;Gabon;2023;pv;-0,34;0,23;6;33,6;19,0;47,4
GMBpv2023;GMB;Gambia;2023;pv;-0,01;0,22;7;46,0;28,9;55,9
GEOpv2023;GEO;Georgia;2023;pv;-0,34;0,23;6;33,2;19,0;47,4
DEUpv2023;DEU;Germany;2023;pv;0,59;0,22;8;66,4;52,6;81,0
GHApv2023;GHA;Ghana;2023;pv;-0,02;0,22;8;45,5;28,9;55,0
GRCpv2023;GRC;Greece;2023;pv;0,24;0,22;8;54,0;42,2;67,8
GRLpv2023;GRL;Greenland;2023;pv;1,50;0,33;2;98,1;81,5;100,0
GRDpv2023;GRD;Grenada;2023;pv;1,02;0,27;4;86,3;64,5;97,6
GUMpv2023;GUM;Guam;2023;pv;0,89;0,31;2;78,2;57,3;96,7
GTMpv2023;GTM;Guatemala;2023;pv;-0,24;0,23;6;37,0;22,7;49,8
GINpv2023;GIN;Guinea;2023;pv;-0,88;0,23;6;16,1;11,8;25,6
GNBpv2023;GNB;Guinea-Bissau;2023;pv;-0,33;0,27;4;34,1;17,5;49,8
GUYpv2023;GUY;Guyana;2023;pv;-0,06;0,23;6;43,6;28,0;55,0
HTIpv2023;HTI;Haiti;2023;pv;-1,43;0,23;6;10,4;7,1;13,3
HNDpv2023;HND;Honduras;2023;pv;-0,46;0,23;6;28,0;16,6;43,1
HKGpv2023;HKG;Hong Kong;2023;pv;0,67;0,24;7;69,7;54,5;87,7
HUNpv2023;HUN;Hungary;2023;pv;0,73;0,22;8;72,0;55,9;90,0
ISLpv2023;ISL;Iceland;2023;pv;1,21;0,23;6;95,3;76,3;98,6
INDpv2023;IND;India;2023;pv;-0,64;0,21;9;21,3;13,7;35,5
IDNpv2023;IDN;Indonesia;2023;pv;-0,40;0,22;8;28,9;17,5;44,1
IRNpv2023;IRN;Iran;2023;pv;-1,69;0,23;6;8,1;4,7;11,4
IRQpv2023;IRQ;Iraq;2023;pv;-2,41;0,23;6;2,4;0,0;5,7
IRLpv2023;IRL;Ireland;2023;pv;0,90;0,22;7;78,7;63,0;95,3
ISRpv2023;ISR;Israel;2023;pv;-1,46;0,23;6;10,0;7,1;13,3
ITApv2023;ITA;Italy;2023;pv;0,58;0,22;7;64,9;52,6;81,0
JAMpv2023;JAM;Jamaica;2023;pv;0,38;0,23;6;57,3;46,4;73,0
JPNpv2023;JPN;Japan;2023;pv;0,95;0,22;7;81,5;65,4;95,7
JEYpv2023;JEY;Jersey;2023;pv;1,74;0,45;1;100,0;84,4;100,0
JORpv2023;JOR;Jordan;2023;pv;-0,20;0,21;8;40,3;23,7;50,2
KAZpv2023;KAZ;Kazakhstan;2023;pv;-0,27;0,21;8;36,5;22,7;48,3
KENpv2023;KEN;Kenya;2023;pv;-0,94;0,23;6;14,7;11,4;23,7
KIRpv2023;KIR;Kiribati;2023;pv;1,10;0,25;4;91,0;70,1;98,1
PRKpv2023;PRK;Korea;2023;pv;-0,37;0,24;5;30,3;17,5;46,9
KORpv2023;KOR;Korea;2023;pv;0,61;0,21;8;68,2;54,5;81,0
KSVpv2023;KSV;Kosovo;2023;pv;-0,32;0,23;5;34,6;19,0;48,3
KWTpv2023;KWT;Kuwait;2023;pv;0,41;0,22;7;58,8;47,4;74,4
KGZpv2023;KGZ;Kyrgyz Republic;2023;pv;-0,48;0,21;7;26,5;16,6;41,2
LAOpv2023;LAO;Lao PDR;2023;pv;0,81;0,24;4;75,4;59,7;94,8
LVApv2023;LVA;Latvia;2023;pv;0,59;0,22;7;66,8;52,6;81,5
LBNpv2023;LBN;Lebanon;2023;pv;-1,52;0,23;6;9,5;6,6;12,8
LSOpv2023;LSO;Lesotho;2023;pv;-0,31;0,24;5;35,5;19,0;49,3
LBRpv2023;LBR;Liberia;2023;pv;-0,12;0,21;7;42,7;27,5;53,1
LBYpv2023;LBY;Libya;2023;pv;-2,17;0,24;5;4,3;0,9;7,1
LIEpv2023;LIE;Liechtenstein;2023;pv;1,61;0,24;4;99,1;94,8;100,0
LTUpv2023;LTU;Lithuania;2023;pv;0,74;0,22;7;72,5;56,4;91,0
LUXpv2023;LUX;Luxembourg;2023;pv;1,05;0,22;7;87,7;70,1;96,7
MACpv2023;MAC;Macao;2023;pv;1,07;0,31;2;88,2;64,0;98,1
MDGpv2023;MDG;Madagascar;2023;pv;-0,69;0,22;7;19,9;13,3;34,1
MWIpv2023;MWI;Malawi;2023;pv;-0,24;0,23;6;37,9;22,7;50,2
MYSpv2023;MYS;Malaysia;2023;pv;0,17;0,21;8;50,7;40,3;60,7
MDVpv2023;MDV;Maldives;2023;pv;0,53;0,25;4;62,6;49,8;81,0
MLIpv2023;MLI;Mali;2023;pv;-2,73;0,23;6;0,5;0,0;2,8
MLTpv2023;MLT;Malta;2023;pv;0,86;0,23;6;77,3;60,7;95,3
MHLpv2023;MHL;Marshall Islands;2023;pv;1,18;0,28;3;93,4;71,6;99,5
MTQpv2023;MTQ;Martinique;2023;pv;0,51;0,31;2;61,6;46,4;84,8
MRTpv2023;MRT;Mauritania;2023;pv;-0,50;0,23;5;26,1;15,6;42,2
MUSpv2023;MUS;Mauritius;2023;pv;0,78;0,23;6;74,9;57,3;91,9
MEXpv2023;MEX;Mexico;2023;pv;-0,63;0,21;9;22,7;13,7;35,5
FSMpv2023;FSM;Micronesia;2023;pv;1,08;0,28;3;89,6;68,2;98,1
MDApv2023;MDA;Moldova;2023;pv;-0,68;0,23;6;20,4;13,3;35,1
MCOpv2023;MCO;Monaco;2023;pv;1,18;0,28;3;93,4;71,6;99,5
MNGpv2023;MNG;Mongolia;2023;pv;0,59;0,22;7;67,3;52,6;81,5
MNEpv2023;MNE;Montenegro;2023;pv;0,07;0,23;6;48,8;35,1;60,7
MARpv2023;MAR;Morocco;2023;pv;-0,37;0,22;7;29,9;17,5;46,0
MOZpv2023;MOZ;Mozambique;2023;pv;-1,27;0,21;7;11,8;8,5;15,2
MMRpv2023;MMR;Myanmar;2023;pv;-2,13;0,23;6;4,7;0,9;7,6
NAMpv2023;NAM;Namibia;2023;pv;0,54;0,23;6;63,5;51,2;79,6
NRUpv2023;NRU;Nauru;2023;pv;0,98;0,28;3;82,9;62,1;97,6
NPLpv2023;NPL;Nepal;2023;pv;-0,23;0,21;7;39,3;23,2;49,8
NLDpv2023;NLD;Netherlands;2023;pv;0,66;0,22;7;68,7;55,0;86,7
ANTpv2023;ANT;Netherlands Antilles;2023;pv;..;..;..;..;..;..
NZLpv2023;NZL;New Zealand;2023;pv;1,36;0,21;9;96,2;86,7;99,5
NICpv2023;NIC;Nicaragua;2023;pv;-0,13;0,23;6;42,2;26,1;54,0
NERpv2023;NER;Niger;2023;pv;-1,67;0,23;6;8,5;5,2;11,4
NGApv2023;NGA;Nigeria;2023;pv;-1,77;0,22;7;7,6;4,3;10,9
NIUpv2023;NIU;Niue;2023;pv;..;..;..;..;..;..
MKDpv2023;MKD;North Macedonia;2023;pv;0,17;0,23;6;51,2;39,8;63,5
NORpv2023;NOR;Norway;2023;pv;0,89;0,22;7;77,7;62,1;95,3
OMNpv2023;OMN;Oman;2023;pv;0,59;0,24;5;65,9;51,7;82,5
PAKpv2023;PAK;Pakistan;2023;pv;-1,93;0,22;7;6,6;2,8;8,5
PLWpv2023;PLW;Palau;2023;pv;1,08;0,28;3;89,6;68,2;98,1
PANpv2023;PAN;Panama;2023;pv;0,21;0,23;6;52,6;40,3;65,4
PNGpv2023;PNG;Papua New Guinea;2023;pv;-0,48;0,22;6;27,0;16,6;42,2
PRYpv2023;PRY;Paraguay;2023;pv;0,08;0,22;7;49,3;35,5;60,7
PERpv2023;PER;Peru;2023;pv;-0,52;0,22;8;24,2;15,6;40,3
PHLpv2023;PHL;Philippines;2023;pv;-0,57;0,22;8;23,7;15,2;39,8
POLpv2023;POL;Poland;2023;pv;0,56;0,22;7;64,0;51,7;80,6
PRTpv2023;PRT;Portugal;2023;pv;0,71;0,22;8;70,6;55,9;88,6
PRIpv2023;PRI;Puerto Rico;2023;pv;0,51;0,24;5;61,1;49,8;78,2
QATpv2023;QAT;Qatar;2023;pv;0,99;0,23;6;84,4;68,2;96,7
ROMpv2023;ROM;Romania;2023;pv;0,37;0,22;8;56,4;46,4;72,0
RUSpv2023;RUS;Russian Federation;2023;pv;-1,13;0,23;6;13,3;9,5;17,5
RWApv2023;RWA;Rwanda;2023;pv;0,11;0,23;6;49,8;36,5;60,7
REUpv2023;REU;Reunion;2023;pv;0,05;0,40;1;48,3;22,7;70,1
WSMpv2023;WSM;Samoa;2023;pv;1,10;0,25;5;90,5;70,1;98,1
SMRpv2023;SMR;San Marino;2023;pv;1,18;0,28;3;93,4;71,6;99,5
SAUpv2023;SAU;Saudi Arabia;2023;pv;-0,21;0,21;8;39,8;23,7;49,8
SENpv2023;SEN;Senegal;2023;pv;-0,14;0,23;6;41,2;25,1;53,1
SRBpv2023;SRB;Serbia;2023;pv;-0,04;0,23;6;44,5;28,0;55,0
SYCpv2023;SYC;Seychelles;2023;pv;0,76;0,24;5;73,9;55,9;91,9
SLEpv2023;SLE;Sierra Leone;2023;pv;-0,24;0,22;7;37,4;22,7;49,8
SGPpv2023;SGP;Singapore;2023;pv;1,42;0,21;9;97,2;89,6;100,0
SVKpv2023;SVK;Slovak Republic;2023;pv;0,57;0,22;8;64,5;52,6;81,0
SVNpv2023;SVN;Slovenia;2023;pv;0,82;0,22;7;75,8;60,7;91,9
SLBpv2023;SLB;Solomon Islands;2023;pv;0,45;0,25;4;60,7;47,4;76,8
SOMpv2023;SOM;Somalia;2023;pv;-2,38;0,24;5;2,8;0,0;5,7
ZAFpv2023;ZAF;South Africa;2023;pv;-0,67;0,22;7;20,9;13,3;35,5
SSDpv2023;SSD;South Sudan;2023;pv;-2,19;0,28;3;3,8;0,5;7,6
ESPpv2023;ESP;Spain;2023;pv;0,29;0,22;8;55,0;43,1;68,2
LKApv2023;LKA;Sri Lanka;2023;pv;-0,51;0,21;7;25,6;16,6;40,3
KNApv2023;KNA;St. Kitts and Nevis;2023;pv;0,92;0,27;4;80,6;60,7;95,7
LCApv2023;LCA;St. Lucia;2023;pv;1,02;0,27;4;86,3;64,5;97,6
VCTpv2023;VCT;St. Vincent and the Grenadines;2023;pv;1,02;0,27;4;86,3;64,5;97,6
SDNpv2023;SDN;Sudan;2023;pv;-2,47;0,23;6;1,9;0,0;4,7
SURpv2023;SUR;Suriname;2023;pv;0,41;0,23;6;59,7;47,4;74,9
SWEpv2023;SWE;Sweden;2023;pv;0,76;0,22;7;73,5;57,3;91,9
CHEpv2023;CHE;Switzerland;2023;pv;1,07;0,23;6;88,6;70,1;97,6
SYRpv2023;SYR;Syrian Arab Republic;2023;pv;-2,75;0,24;5;0,0;0,0;2,8
STPpv2023;STP;Sao Tome and Principe;2023;pv;0,44;0,24;4;60,2;47,4;76,3
TWNpv2023;TWN;TaiwanSao Tome;2023;pv;0,76;0,21;7;74,4;59,2;91,9
TJKpv2023;TJK;Tajikistan;2023;pv;-0,47;0,24;4;27,5;16,1;43,1
TZApv2023;TZA;Tanzania;2023;pv;-0,05;0,22;7;44,1;28,0;55,0
THApv2023;THA;Thailand;2023;pv;-0,28;0,21;8;36,0;22,7;48,3
TMPpv2023;TMP;Timor-Leste;2023;pv;0,26;0,24;5;54,5;41,2;68,2
TGOpv2023;TGO;Togo;2023;pv;-0,95;0,22;7;14,2;11,4;22,7
TONpv2023;TON;Tonga;2023;pv;1,09;0,25;4;90,0;69,7;98,1
TTOpv2023;TTO;Trinidad and Tobago;2023;pv;0,40;0,23;6;57,8;46,9;74,4
TUNpv2023;TUN;Tunisia;2023;pv;-0,63;0,23;6;22,3;13,7;36,5
TKMpv2023;TKM;Turkmenistan;2023;pv;-0,11;0,24;4;43,1;25,1;55,0
TUVpv2023;TUV;Tuvalu;2023;pv;1,19;0,25;4;94,3;74,9;98,6
TURpv2023;TUR;Turkiye;2023;pv;-1,01;0,22;7;13,7;11,4;20,9
UGApv2023;UGA;Uganda;2023;pv;-0,70;0,23;6;19,4;13,3;34,1
UKRpv2023;UKR;Ukraine;2023;pv;-1,43;0,23;6;10,9;7,1;13,3
AREpv2023;ARE;United Arab Emirates;2023;pv;0,68;0,22;7;70,1;55,0;87,2
GBRpv2023;GBR;United Kingdom;2023;pv;0,51;0,21;8;62,1;51,2;76,8
USApv2023;USA;United States;2023;pv;0,03;0,21;8;47,4;35,1;55,9
URYpv2023;URY;Uruguay;2023;pv;0,96;0,23;6;82,0;66,8;95,7
UZBpv2023;UZB;Uzbekistan;2023;pv;-0,15;0,23;6;40,8;23,7;52,6
VUTpv2023;VUT;Vanuatu;2023;pv;0,93;0,25;5;81,0;62,1;95,7
VENpv2023;VEN;Venezuela;2023;pv;-1,19;0,21;8;12,3;9,0;16,6
VNMpv2023;VNM;Viet Nam;2023;pv;-0,04;0,21;8;45,0;28,9;55,0
VIRpv2023;VIR;Virgin Islands;2023;pv;0,53;0,31;2;63,0;47,4;87,2
WBGpv2023;WBG;West Bank and Gaza;2023;pv;-1,87;0,24;5;7,1;2,8;9,5
YEMpv2023;YEM;Yemen;2023;pv;-2,56;0,24;5;0,9;0,0;3,8
ZMBpv2023;ZMB;Zambia;2023;pv;0,20;0,23;6;52,1;40,3;64,5
ZWEpv2023;ZWE;Zimbabwe;2023;pv;-0,93;0,23;6;15,2;11,4;23,7
AFGrl2023;AFG;Afghanistan;2023;rl;-1,65;0,17;9;5,2;1,4;7,1
ALBrl2023;ALB;Albania;2023;rl;-0,16;0,16;10;45,8;36,8;54,2
DZArl2023;DZA;Algeria;2023;rl;-0,68;0,17;10;26,4;19,3;37,7
ASMrl2023;ASM;American Samoa;2023;rl;1,21;0,46;1;85,4;65,1;99,5
ADOrl2023;ADO;Andorra;2023;rl;1,48;0,46;1;91,5;76,4;100,0
AGOrl2023;AGO;Angola;2023;rl;-1,10;0,17;11;14,6;7,1;23,1
AIArl2023;AIA;Anguilla;2023;rl;0,68;0,46;1;75,0;51,4;89,6
ATGrl2023;ATG;Antigua and Barbuda;2023;rl;0,38;0,31;3;59,9;47,6;79,2
ARGrl2023;ARG;Argentina;2023;rl;-0,41;0,16;12;37,7;26,4;47,2
ARMrl2023;ARM;Armenia;2023;rl;-0,12;0,17;9;49,1;37,7;54,7
ABWrl2023;ABW;Aruba;2023;rl;1,27;0,21;3;87,3;79,7;93,4
AUSrl2023;AUS;Australia;2023;rl;1,52;0,17;9;92,0;85,4;98,6
AUTrl2023;AUT;Austria;2023;rl;1,75;0,16;11;97,2;91,5;100,0
AZErl2023;AZE;Azerbaijan;2023;rl;-0,57;0,18;8;29,2;21,2;42,5
BHSrl2023;BHS;Bahamas;2023;rl;0,18;0,18;6;55,7;48,6;66,0
BHRrl2023;BHR;Bahrain;2023;rl;0,47;0,18;9;65,6;54,7;76,4
BGDrl2023;BGD;Bangladesh;2023;rl;-0,50;0,16;13;33,5;24,1;43,4
BRBrl2023;BRB;Barbados;2023;rl;0,41;0,18;7;62,3;54,2;75,5
BLRrl2023;BLR;Belarus;2023;rl;-1,25;0,16;8;11,3;6,1;17,9
BELrl2023;BEL;Belgium;2023;rl;1,30;0,17;10;88,2;82,1;92,9
BLZrl2023;BLZ;Belize;2023;rl;-0,64;0,19;5;27,8;19,3;41,0
BENrl2023;BEN;Benin;2023;rl;-0,51;0,15;13;33,0;24,1;42,9
BMUrl2023;BMU;Bermuda;2023;rl;0,68;0,46;1;75,0;51,4;89,6
BTNrl2023;BTN;Bhutan;2023;rl;0,67;0,19;8;72,6;59,4;81,6
BOLrl2023;BOL;Bolivia;2023;rl;-1,22;0,17;12;11,8;6,1;19,3
BIHrl2023;BIH;Bosnia and Herzegovina;2023;rl;-0,35;0,16;10;39,6;27,8;50,0
BWArl2023;BWA;Botswana;2023;rl;0,39;0,16;12;61,3;54,2;72,2
BRArl2023;BRA;Brazil;2023;rl;-0,31;0,16;12;42,0;28,8;52,4
BRNrl2023;BRN;Brunei Darussalam;2023;rl;0,89;0,21;4;79,2;67,0;85,4
BGRrl2023;BGR;Bulgaria;2023;rl;-0,01;0,15;13;53,8;43,4;57,1
BFArl2023;BFA;Burkina Faso;2023;rl;-0,74;0,15;13;24,5;17,9;33,5
BDIrl2023;BDI;Burundi;2023;rl;-1,25;0,16;9;10,8;6,1;17,9
KHMrl2023;KHM;Cambodia;2023;rl;-0,82;0,16;12;23,6;15,1;29,2
CMRrl2023;CMR;Cameroon;2023;rl;-1,04;0,15;14;16,5;10,4;24,1
CANrl2023;CAN;Canada;2023;rl;1,47;0,17;10;90,1;84,9;97,2
CPVrl2023;CPV;Cape Verde;2023;rl;0,40;0,18;9;61,8;54,2;75,0
CYMrl2023;CYM;Cayman Islands;2023;rl;0,72;0,21;2;76,4;59,4;83,5
CAFrl2023;CAF;Central African Republic;2023;rl;-1,76;0,16;10;3,3;1,4;6,1
TCDrl2023;TCD;Chad;2023;rl;-1,35;0,16;12;8,0;6,1;14,6
CHLrl2023;CHL;Chile;2023;rl;0,63;0,16;12;71,2;59,0;79,2
CHNrl2023;CHN;China;2023;rl;-0,04;0,17;10;52,8;41,0;57,1
COLrl2023;COL;Colombia;2023;rl;-0,46;0,16;13;35,8;24,5;43,4
COMrl2023;COM;Comoros;2023;rl;-1,34;0,22;8;8,5;3,3;18,9
ZARrl2023;ZAR;Congo;2023;rl;-1,67;0,15;13;4,7;1,4;7,1
COGrl2023;COG;Congo;2023;rl;-1,02;0,16;11;17,9;9,0;24,1
COKrl2023;COK;Cook Islands;2023;rl;-0,53;0,96;1;31,1;0,9;82,1
CRIrl2023;CRI;Costa Rica;2023;rl;0,39;0,17;12;60,4;54,2;72,2
HRVrl2023;HRV;Croatia;2023;rl;0,36;0,15;12;59,4;54,2;69,8
CUBrl2023;CUB;Cuba;2023;rl;-0,45;0,20;6;36,3;24,1;47,6
CYPrl2023;CYP;Cyprus;2023;rl;0,63;0,17;10;71,7;59,0;79,2
CZErl2023;CZE;Czech Republic;2023;rl;1,14;0,15;12;84,4;79,2;88,7
CIVrl2023;CIV;Cote d'Ivoire;2023;rl;-0,46;0,14;15;35,4;25,0;43,4
DNKrl2023;DNK;Denmark;2023;rl;1,91;0,17;10;99,5;93,9;100,0
DJIrl2023;DJI;Djibouti;2023;rl;-1,13;0,16;9;13,7;7,1;21,2
DMArl2023;DMA;Dominica;2023;rl;0,62;0,27;3;70,8;54,7;83,5
DOMrl2023;DOM;Dominican Republic;2023;rl;-0,13;0,17;11;48,1;37,7;54,7
ECUrl2023;ECU;Ecuador;2023;rl;-0,96;0,17;11;19,3;11,3;25,9
EGYrl2023;EGY;Egypt;2023;rl;-0,18;0,17;11;44,3;35,8;54,2
SLVrl2023;SLV;El Salvador;2023;rl;-0,37;0,17;13;39,2;26,9;49,5
GNQrl2023;GNQ;Equatorial Guinea;2023;rl;-1,34;0,19;6;9,0;4,7;17,5
ERIrl2023;ERI;Eritrea;2023;rl;-1,76;0,16;9;2,8;1,4;6,1
ESTrl2023;EST;Estonia;2023;rl;1,43;0,15;13;89,6;84,9;94,3
SWZrl2023;SWZ;Eswatini;2023;rl;-0,60;0,19;9;28,3;19,3;42,0
ETHrl2023;ETH;Ethiopia;2023;rl;-0,67;0,15;12;26,9;19,3;36,8
FJIrl2023;FJI;Fiji;2023;rl;0,30;0,32;5;58,5;43,4;78,3
FINrl2023;FIN;Finland;2023;rl;1,97;0,17;10;100,0;95,3;100,0
FRArl2023;FRA;France;2023;rl;1,18;0,16;11;84,9;79,7;89,6
GUFrl2023;GUF;French Guiana;2023;rl;1,13;0,21;2;84,0;76,4;91,5
GABrl2023;GAB;Gabon;2023;rl;-0,87;0,17;10;20,8;13,2;28,3
GMBrl2023;GMB;Gambia;2023;rl;-0,37;0,15;14;38,2;27,8;47,6
GEOrl2023;GEO;Georgia;2023;rl;0,18;0,16;10;55,2;50,0;64,2
DEUrl2023;DEU;Germany;2023;rl;1,55;0,16;11;92,9;87,3;98,6
GHArl2023;GHA;Ghana;2023;rl;-0,10;0,14;16;49,5;40,6;54,2
GRCrl2023;GRC;Greece;2023;rl;0,21;0,16;11;57,1;51,9;66,0
GRLrl2023;GRL;Greenland;2023;rl;1,68;0,24;1;95,3;87,7;100,0
GRDrl2023;GRD;Grenada;2023;rl;0,60;0,27;4;69,3;54,7;83,0
GUMrl2023;GUM;Guam;2023;rl;0,95;0,46;1;81,6;56,1;95,3
GTMrl2023;GTM;Guatemala;2023;rl;-1,08;0,17;11;15,6;7,5;24,1
GINrl2023;GIN;Guinea;2023;rl;-1,11;0,15;13;14,2;7,5;20,8
GNBrl2023;GNB;Guinea-Bissau;2023;rl;-1,44;0,21;9;7,1;1,9;15,1
GUYrl2023;GUY;Guyana;2023;rl;-0,34;0,17;7;40,6;27,8;51,9
HTIrl2023;HTI;Haiti;2023;rl;-1,36;0,17;9;7,5;5,7;15,1
HNDrl2023;HND;Honduras;2023;rl;-1,10;0,16;13;15,1;7,5;23,1
HKGrl2023;HKG;Hong Kong;2023;rl;1,29;0,17;10;87,7;82,1;92,9
HUNrl2023;HUN;Hungary;2023;rl;0,43;0,15;13;63,2;55,7;72,6
ISLrl2023;ISL;Iceland;2023;rl;1,72;0,18;8;96,7;89,2;100,0
INDrl2023;IND;India;2023;rl;0,19;0,16;12;56,1;50,9;64,6
IDNrl2023;IDN;Indonesia;2023;rl;-0,15;0,16;12;46,7;36,8;54,2
IRNrl2023;IRN;Iran;2023;rl;-1,06;0,17;9;16,0;8,0;24,1
IRQrl2023;IRQ;Iraq;2023;rl;-1,69;0,19;8;3,8;1,4;7,1
IRLrl2023;IRL;Ireland;2023;rl;1,63;0,17;10;93,9;88,7;99,1
ISRrl2023;ISR;Israel;2023;rl;0,78;0,18;8;77,4;66,0;83,5
ITArl2023;ITA;Italy;2023;rl;0,39;0,17;10;60,8;54,2;72,2
JAMrl2023;JAM;Jamaica;2023;rl;-0,17;0,17;10;44,8;35,8;54,2
JPNrl2023;JPN;Japan;2023;rl;1,54;0,17;9;92,5;85,8;98,6
JEYrl2023;JEY;Jersey;2023;rl;1,68;0,24;1;95,3;87,7;100,0
JORrl2023;JOR;Jordan;2023;rl;0,26;0,17;10;58,0;53,3;66,5
KAZrl2023;KAZ;Kazakhstan;2023;rl;-0,45;0,15;11;36,8;25,0;43,4
KENrl2023;KEN;Kenya;2023;rl;-0,33;0,15;14;41,0;29,2;50,0
KIRrl2023;KIR;Kiribati;2023;rl;0,59;0,34;3;68,4;53,8;84,4
PRKrl2023;PRK;Korea;2023;rl;-1,64;0,20;6;5,7;1,4;9,0
KORrl2023;KOR;Korea;2023;rl;1,25;0,17;10;85,8;81,6;91,5
KSVrl2023;KSV;Kosovo;2023;rl;-0,31;0,16;10;41,5;28,8;51,9
KWTrl2023;KWT;Kuwait;2023;rl;0,34;0,17;10;59,0;53,8;70,3
KGZrl2023;KGZ;Kyrgyz Republic;2023;rl;-1,17;0,15;13;12,7;7,1;19,3
LAOrl2023;LAO;Lao PDR;2023;rl;-0,83;0,18;10;22,6;13,2;29,7
LVArl2023;LVA;Latvia;2023;rl;1,04;0,15;12;83,0;77,4;87,3
LBNrl2023;LBN;Lebanon;2023;rl;-1,17;0,18;8;13,2;6,6;20,8
LSOrl2023;LSO;Lesotho;2023;rl;-0,48;0,16;13;34,0;24,5;43,4
LBRrl2023;LBR;Liberia;2023;rl;-1,03;0,15;14;17,0;10,4;24,1
LBYrl2023;LBY;Libya;2023;rl;-1,77;0,19;7;2,4;0,9;6,6
LIErl2023;LIE;Liechtenstein;2023;rl;1,71;0,21;2;96,2;88,7;100,0
LTUrl2023;LTU;Lithuania;2023;rl;1,27;0,15;12;86,8;82,1;91,5
LUXrl2023;LUX;Luxembourg;2023;rl;1,75;0,17;10;97,6;91,5;100,0
MACrl2023;MAC;Macao;2023;rl;0,78;0,21;3;76,9;63,7;84,0
MDGrl2023;MDG;Madagascar;2023;rl;-0,97;0,15;14;18,9;11,8;24,5
MWIrl2023;MWI;Malawi;2023;rl;-0,16;0,15;14;46,2;37,7;53,8
MYSrl2023;MYS;Malaysia;2023;rl;0,57;0,17;10;67,5;58,0;78,3
MDVrl2023;MDV;Maldives;2023;rl;-0,08;0,32;5;50,9;27,8;64,6
MLIrl2023;MLI;Mali;2023;rl;-0,98;0,15;14;18,4;11,8;24,5
MLTrl2023;MLT;Malta;2023;rl;0,70;0,17;9;75,5;62,7;81,6
MHLrl2023;MHL;Marshall Islands;2023;rl;0,68;0,34;4;73,1;54,2;85,4
MTQrl2023;MTQ;Martinique;2023;rl;0,68;0,46;1;75,0;51,4;89,6
MRTrl2023;MRT;Mauritania;2023;rl;-0,64;0,15;12;27,4;20,3;37,7
MUSrl2023;MUS;Mauritius;2023;rl;0,81;0,17;11;77,8;66,5;83,5
MEXrl2023;MEX;Mexico;2023;rl;-0,81;0,16;13;24,1;15,6;29,2
FSMrl2023;FSM;Micronesia;2023;rl;0,64;0,34;4;72,2;54,2;84,9
MDArl2023;MDA;Moldova;2023;rl;-0,15;0,16;9;47,2;36,8;54,2
MCOrl2023;MCO;Monaco;2023;rl;1,48;0,46;1;91,5;76,4;100,0
MNGrl2023;MNG;Mongolia;2023;rl;-0,18;0,16;12;43,9;36,3;53,8
MNErl2023;MNE;Montenegro;2023;rl;-0,04;0,16;10;52,4;42,0;57,1
MARrl2023;MAR;Morocco;2023;rl;-0,13;0,16;13;48,6;37,7;54,2
MOZrl2023;MOZ;Mozambique;2023;rl;-1,03;0,15;13;17,5;10,4;24,1
MMRrl2023;MMR;Myanmar;2023;rl;-1,62;0,17;9;6,1;1,4;9,0
NAMrl2023;NAM;Namibia;2023;rl;0,45;0,17;10;64,6;54,7;75,9
NRUrl2023;NRU;Nauru;2023;rl;-0,02;0,45;2;53,3;24,1;75,5
NPLrl2023;NPL;Nepal;2023;rl;-0,46;0,16;12;34,9;24,5;43,4
NLDrl2023;NLD;Netherlands;2023;rl;1,64;0,17;10;94,3;88,7;99,5
ANTrl2023;ANT;Netherlands Antilles;2023;rl;..;..;..;..;..;..
NZLrl2023;NZL;New Zealand;2023;rl;1,71;0,17;10;95,8;89,6;100,0
NICrl2023;NIC;Nicaragua;2023;rl;-1,28;0,17;10;9,4;6,1;17,9
NERrl2023;NER;Niger;2023;rl;-0,71;0,15;13;25,0;19,3;34,4
NGArl2023;NGA;Nigeria;2023;rl;-0,89;0,15;14;20,3;13,2;27,4
NIUrl2023;NIU;Niue;2023;rl;-0,53;0,96;1;31,1;0,9;82,1
MKDrl2023;MKD;North Macedonia;2023;rl;-0,17;0,16;10;45,3;36,8;54,2
NORrl2023;NOR;Norway;2023;rl;1,83;0,17;8;99,1;92,5;100,0
OMNrl2023;OMN;Oman;2023;rl;0,61;0,19;7;70,3;58,0;79,7
PAKrl2023;PAK;Pakistan;2023;rl;-0,86;0,16;13;21,2;13,7;28,3
PLWrl2023;PLW;Palau;2023;rl;0,94;0,43;3;80,7;57,1;93,9
PANrl2023;PAN;Panama;2023;rl;-0,35;0,17;11;40,1;27,8;51,4
PNGrl2023;PNG;Papua New Guinea;2023;rl;-0,54;0,18;9;29,7;21,2;43,4
PRYrl2023;PRY;Paraguay;2023;rl;-0,58;0,17;12;28,8;21,2;42,0
PERrl2023;PER;Peru;2023;rl;-0,54;0,16;13;30,2;24,1;42,5
PHLrl2023;PHL;Philippines;2023;rl;-0,42;0,16;12;37,3;25,5;47,2
POLrl2023;POL;Poland;2023;rl;0,46;0,15;12;65,1;56,6;75,5
PRTrl2023;PRT;Portugal;2023;rl;1,07;0,16;11;83,5;77,4;88,7
PRIrl2023;PRI;Puerto Rico;2023;rl;0,49;0,20;4;66,5;54,7;77,8
QATrl2023;QAT;Qatar;2023;rl;0,93;0,18;8;80,2;71,7;85,4
ROMrl2023;ROM;Romania;2023;rl;0,44;0,15;13;64,2;56,1;73,1
RUSrl2023;RUS;Russian Federation;2023;rl;-1,19;0,16;9;12,3;6,6;19,3
RWArl2023;RWA;Rwanda;2023;rl;0,21;0,15;12;56,6;52,8;64,6
REUrl2023;REU;Reunion;2023;rl;0,68;0,46;1;75,0;51,4;89,6
WSMrl2023;WSM;Samoa;2023;rl;0,90;0,33;4;79,7;59,4;89,6
SMRrl2023;SMR;San Marino;2023;rl;1,48;0,46;1;91,5;76,4;100,0
SAUrl2023;SAU;Saudi Arabia;2023;rl;0,41;0,18;10;62,7;54,2;75,5
SENrl2023;SEN;Senegal;2023;rl;-0,27;0,15;14;42,9;32,1;52,8
SRBrl2023;SRB;Serbia;2023;rl;-0,07;0,16;10;51,4;40,6;55,7
SYCrl2023;SYC;Seychelles;2023;rl;0,43;0,20;6;63,7;54,2;76,4
SLErl2023;SLE;Sierra Leone;2023;rl;-0,83;0,14;15;22,2;15,6;28,3
SGPrl2023;SGP;Singapore;2023;rl;1,75;0,16;11;98,1;91,5;100,0
SVKrl2023;SVK;Slovak Republic;2023;rl;0,60;0,15;13;68,9;59,0;78,3
SVNrl2023;SVN;Slovenia;2023;rl;1,04;0,15;12;82,5;77,4;87,3
SLBrl2023;SLB;Solomon Islands;2023;rl;-0,26;0,31;6;43,4;24,1;57,1
SOMrl2023;SOM;Somalia;2023;rl;-2,21;0,16;8;0,0;0,0;1,4
ZAFrl2023;ZAF;South Africa;2023;rl;0,09;0,16;12;54,2;44,3;59,0
SSDrl2023;SSD;South Sudan;2023;rl;-2,14;0,22;8;0,9;0,0;1,9
ESPrl2023;ESP;Spain;2023;rl;0,82;0,16;11;78,3;67,0;83,5
LKArl2023;LKA;Sri Lanka;2023;rl;-0,09;0,17;10;50,0;39,2;55,7
KNArl2023;KNA;St. Kitts and Nevis;2023;rl;0,48;0,32;2;66,0;51,9;81,6
LCArl2023;LCA;St. Lucia;2023;rl;0,61;0,27;4;69,8;54,7;83,0
VCTrl2023;VCT;St. Vincent and the Grenadines;2023;rl;0,57;0,27;4;67,9;54,2;82,1
SDNrl2023;SDN;Sudan;2023;rl;-1,67;0,15;12;4,2;1,4;7,1
SURrl2023;SUR;Suriname;2023;rl;-0,06;0,18;7;51,9;39,2;57,1
SWErl2023;SWE;Sweden;2023;rl;1,60;0,17;10;93,4;88,7;99,1
CHErl2023;CHE;Switzerland;2023;rl;1,76;0,18;8;98,6;89,6;100,0
SYRrl2023;SYR;Syrian Arab Republic;2023;rl;-2,04;0,19;7;1,4;0,0;3,3
STPrl2023;STP;Sao Tome and Principe;2023;rl;-0,69;0,17;8;25,5;18,9;36,8
TWNrl2023;TWN;TaiwanSao Tome;2023;rl;1,26;0,18;9;86,3;81,6;92,9
TJKrl2023;TJK;Tajikistan;2023;rl;-1,28;0,17;10;9,9;6,1;17,9
TZArl2023;TZA;Tanzania;2023;rl;-0,37;0,14;15;38,7;27,8;47,6
THArl2023;THA;Thailand;2023;rl;0,24;0,17;10;57,5;52,8;66,5
TMPrl2023;TMP;Timor-Leste;2023;rl;-0,83;0,19;8;21,7;13,2;31,1
TGOrl2023;TGO;Togo;2023;rl;-0,53;0,15;14;32,1;24,1;42,0
TONrl2023;TON;Tonga;2023;rl;0,55;0,34;4;67,0;53,8;83,5
TTOrl2023;TTO;Trinidad and Tobago;2023;rl;-0,28;0,17;9;42,5;28,8;53,8
TUNrl2023;TUN;Tunisia;2023;rl;-0,14;0,17;12;47,6;37,7;54,2
TKMrl2023;TKM;Turkmenistan;2023;rl;-1,49;0,18;6;6,6;1,9;11,8
TUVrl2023;TUV;Tuvalu;2023;rl;1,01;0,34;3;82,1;64,6;92,9
TURrl2023;TUR;Turkiye;2023;rl;-0,51;0,17;10;32,5;24,1;43,4
UGArl2023;UGA;Uganda;2023;rl;-0,47;0,15;13;34,4;24,5;43,4
UKRrl2023;UKR;Ukraine;2023;rl;-0,89;0,16;10;19,8;13,2;27,8
ARErl2023;ARE;United Arab Emirates;2023;rl;0,88;0,17;10;78,8;69,8;84,4
GBRrl2023;GBR;United Kingdom;2023;rl;1,40;0,17;9;89,2;83,5;94,3
USArl2023;USA;United States;2023;rl;1,33;0,17;10;88,7;83,0;92,9
URYrl2023;URY;Uruguay;2023;rl;0,72;0,17;11;75,9;64,2;81,6
UZBrl2023;UZB;Uzbekistan;2023;rl;-0,83;0,15;12;23,1;15,1;28,8
VUTrl2023;VUT;Vanuatu;2023;rl;0,14;0,29;7;54,7;40,6;70,3
VENrl2023;VEN;Venezuela;2023;rl;-2,15;0,16;11;0,5;0,0;1,4
VNMrl2023;VNM;Viet Nam;2023;rl;-0,09;0,17;11;50,5;39,2;56,1
VIRrl2023;VIR;Virgin Islands;2023;rl;0,95;0,46;1;81,6;56,1;95,3
WBGrl2023;WBG;West Bank and Gaza;2023;rl;-0,68;0,21;5;25,9;17,5;40,1
YEMrl2023;YEM;Yemen;2023;rl;-1,84;0,18;8;1,9;0,9;6,1
ZMBrl2023;ZMB;Zambia;2023;rl;-0,53;0,15;13;31,6;24,1;42,0
ZWErl2023;ZWE;Zimbabwe;2023;rl;-1,28;0,15;14;10,4;6,1;16,0
AFGrq2023;AFG;Afghanistan;2023;rq;-1,27;0,22;6;9,4;4,2;19,3
ALBrq2023;ALB;Albania;2023;rq;0,17;0,23;7;58,5;44,3;68,9
DZArq2023;DZA;Algeria;2023;rq;-0,95;0,23;7;16,0;9,0;30,7
ASMrq2023;ASM;American Samoa;2023;rq;0,51;0,48;1;68,4;42,5;87,3
ADOrq2023;ADO;Andorra;2023;rq;1,35;0,48;1;89,6;70,3;99,5
AGOrq2023;AGO;Angola;2023;rq;-0,76;0,21;8;22,6;12,7;36,3
AIArq2023;AIA;Anguilla;2023;rq;0,93;0,48;1;79,2;56,6;95,3
ATGrq2023;ATG;Antigua and Barbuda;2023;rq;0,55;0,36;2;70,3;51,4;84,9
ARGrq2023;ARG;Argentina;2023;rq;-0,48;0,22;8;35,4;20,3;47,6
ARMrq2023;ARM;Armenia;2023;rq;0,05;0,25;6;52,8;38,2;66,5
ABWrq2023;ABW;Aruba;2023;rq;0,95;0,37;2;80,2;63,7;92,9
AUSrq2023;AUS;Australia;2023;rq;1,94;0,24;7;99,5;92,9;100,0
AUTrq2023;AUT;Austria;2023;rq;1,36;0,24;8;90,1;80,2;96,2
AZErq2023;AZE;Azerbaijan;2023;rq;-0,11;0,25;5;49,1;32,1;60,8
BHSrq2023;BHS;Bahamas;2023;rq;0,01;0,26;5;51,9;36,3;65,6
BHRrq2023;BHR;Bahrain;2023;rq;1,08;0,23;7;84,0;74,1;92,0
BGDrq2023;BGD;Bangladesh;2023;rq;-0,91;0,19;11;18,9;10,8;29,2
BRBrq2023;BRB;Barbados;2023;rq;0,50;0,27;6;67,5;52,8;80,2
BLRrq2023;BLR;Belarus;2023;rq;-1,42;0,23;6;7,5;3,8;13,7
BELrq2023;BEL;Belgium;2023;rq;1,17;0,24;7;85,8;75,9;92,9
BLZrq2023;BLZ;Belize;2023;rq;-0,43;0,28;4;35,8;19,8;52,4
BENrq2023;BEN;Benin;2023;rq;-0,30;0,18;9;40,6;29,2;51,4
BMUrq2023;BMU;Bermuda;2023;rq;0,93;0,48;1;79,2;56,6;95,3
BTNrq2023;BTN;Bhutan;2023;rq;-0,40;0,22;7;36,8;22,6;51,4
BOLrq2023;BOL;Bolivia;2023;rq;-1,18;0,21;8;11,8;4,7;20,3
BIHrq2023;BIH;Bosnia and Herzegovina;2023;rq;-0,14;0,24;7;46,7;32,1;59,9
BWArq2023;BWA;Botswana;2023;rq;0,50;0,21;9;67,0;56,6;76,4
BRArq2023;BRA;Brazil;2023;rq;-0,30;0,22;8;40,1;27,4;52,8
BRNrq2023;BRN;Brunei Darussalam;2023;rq;0,98;0,29;4;80,7;67,0;91,5
BGRrq2023;BGR;Bulgaria;2023;rq;0,41;0,21;9;65,6;52,8;75,5
BFArq2023;BFA;Burkina Faso;2023;rq;-0,49;0,18;9;34,9;21,7;44,3
BDIrq2023;BDI;Burundi;2023;rq;-0,99;0,19;7;15,6;9,0;26,4
KHMrq2023;KHM;Cambodia;2023;rq;-0,68;0,20;10;25,5;14,6;38,2
CMRrq2023;CMR;Cameroon;2023;rq;-0,91;0,17;10;19,3;10,8;28,3
CANrq2023;CAN;Canada;2023;rq;1,64;0,24;7;94,8;86,8;99,5
CPVrq2023;CPV;Cape Verde;2023;rq;0,24;0,25;6;59,9;46,2;72,6
CYMrq2023;CYM;Cayman Islands;2023;rq;1,07;0,37;2;83,5;66,5;94,8
CAFrq2023;CAF;Central African Republic;2023;rq;-1,47;0,19;8;6,1;3,8;12,3
TCDrq2023;TCD;Chad;2023;rq;-1,16;0,19;9;12,3;5,7;20,3
CHLrq2023;CHL;Chile;2023;rq;0,93;0,22;8;76,9;70,3;86,8
CHNrq2023;CHN;China;2023;rq;-0,36;0,22;8;38,7;24,1;51,4
COLrq2023;COL;Colombia;2023;rq;0,10;0,21;9;54,2;43,4;66,5
COMrq2023;COM;Comoros;2023;rq;-1,24;0,22;5;10,8;4,2;20,3
ZARrq2023;ZAR;Congo;2023;rq;-1,41;0,17;10;8,0;3,8;12,3
COGrq2023;COG;Congo;2023;rq;-1,24;0,20;8;10,4;4,7;19,3
COKrq2023;COK;Cook Islands;2023;rq;-0,09;0,59;1;49,5;13,2;76,4
CRIrq2023;CRI;Costa Rica;2023;rq;0,54;0,22;8;69,8;58,5;76,4
HRVrq2023;HRV;Croatia;2023;rq;0,64;0,22;8;72,2;59,9;81,6
CUBrq2023;CUB;Cuba;2023;rq;-1,50;0,25;5;5,2;2,4;12,7
CYPrq2023;CYP;Cyprus;2023;rq;0,78;0,24;7;75,9;64,2;85,4
CZErq2023;CZE;Czech Republic;2023;rq;1,30;0,22;8;87,7;80,2;94,8
CIVrq2023;CIV;Cote d'Ivoire;2023;rq;-0,12;0,17;11;48,6;36,8;57,5
DNKrq2023;DNK;Denmark;2023;rq;1,84;0,24;7;98,1;91,0;99,5
DJIrq2023;DJI;Djibouti;2023;rq;-0,93;0,19;7;17,5;9,4;29,2
DMArq2023;DMA;Dominica;2023;rq;0,31;0,28;4;61,3;46,2;75,5
DOMrq2023;DOM;Dominican Republic;2023;rq;0,17;0,23;7;58,0;44,3;68,9
ECUrq2023;ECU;Ecuador;2023;rq;-0,72;0,23;7;23,6;12,7;38,7
EGYrq2023;EGY;Egypt;2023;rq;-0,67;0,21;8;26,9;14,6;39,2
SLVrq2023;SLV;El Salvador;2023;rq;-0,31;0,21;9;39,6;27,4;52,4
GNQrq2023;GNQ;Equatorial Guinea;2023;rq;-1,47;0,27;4;5,7;2,4;13,7
ERIrq2023;ERI;Eritrea;2023;rq;-2,36;0,19;7;0,5;0,0;1,4
ESTrq2023;EST;Estonia;2023;rq;1,43;0,21;9;91,0;83,5;96,7
SWZrq2023;SWZ;Eswatini;2023;rq;-0,72;0,24;5;24,1;12,7;39,2
ETHrq2023;ETH;Ethiopia;2023;rq;-1,02;0,18;9;14,2;9,0;22,6
FJIrq2023;FJI;Fiji;2023;rq;-0,09;0,30;4;50,0;29,7;65,6
FINrq2023;FIN;Finland;2023;rq;1,77;0,24;7;96,7;90,1;99,5
FRArq2023;FRA;France;2023;rq;1,15;0,24;8;85,4;75,5;92,9
GUFrq2023;GUF;French Guiana;2023;rq;1,07;0,37;2;83,5;66,5;94,8
GABrq2023;GAB;Gabon;2023;rq;-0,70;0,23;6;25,0;12,7;39,2
GMBrq2023;GMB;Gambia;2023;rq;-0,64;0,17;10;28,3;17,9;38,7
GEOrq2023;GEO;Georgia;2023;rq;0,95;0,24;7;79,7;70,3;88,2
DEUrq2023;DEU;Germany;2023;rq;1,46;0,24;8;92,0;83,5;98,1
GHArq2023;GHA;Ghana;2023;rq;-0,18;0,17;12;45,3;35,4;53,3
GRCrq2023;GRC;Greece;2023;rq;0,58;0,24;8;70,8;58,5;80,2
GRLrq2023;GRL;Greenland;2023;rq;1,21;0,50;1;86,8;64,2;99,5
GRDrq2023;GRD;Grenada;2023;rq;0,31;0,31;3;61,8;44,3;76,4
GUMrq2023;GUM;Guam;2023;rq;0,51;0,48;1;68,4;42,5;87,3
GTMrq2023;GTM;Guatemala;2023;rq;-0,29;0,23;7;41,5;27,4;53,3
GINrq2023;GIN;Guinea;2023;rq;-1,08;0,18;9;13,2;8,5;21,2
GNBrq2023;GNB;Guinea-Bissau;2023;rq;-1,25;0,20;7;9,9;4,7;17,5
GUYrq2023;GUY;Guyana;2023;rq;-0,56;0,24;6;31,6;15,6;45,8
HTIrq2023;HTI;Haiti;2023;rq;-1,39;0,20;8;8,5;3,8;13,7
HNDrq2023;HND;Honduras;2023;rq;-0,55;0,20;9;32,1;20,3;43,9
HKGrq2023;HKG;Hong Kong;2023;rq;1,60;0,25;7;93,9;86,3;99,5
HUNrq2023;HUN;Hungary;2023;rq;0,32;0,21;9;62,7;51,4;73,1
ISLrq2023;ISL;Iceland;2023;rq;1,28;0,26;6;87,3;76,4;95,3
INDrq2023;IND;India;2023;rq;-0,14;0,20;10;47,2;35,4;58,5
IDNrq2023;IDN;Indonesia;2023;rq;0,30;0,20;10;60,8;51,4;71,2
IRNrq2023;IRN;Iran;2023;rq;-1,69;0,23;7;4,2;1,4;9,0
IRQrq2023;IRQ;Iraq;2023;rq;-1,44;0,27;5;6,6;2,8;14,6
IRLrq2023;IRL;Ireland;2023;rq;1,75;0,24;7;96,2;89,6;99,5
ISRrq2023;ISR;Israel;2023;rq;1,12;0,26;6;84,4;73,6;92,9
ITArq2023;ITA;Italy;2023;rq;0,64;0,24;7;72,6;59,9;81,6
JAMrq2023;JAM;Jamaica;2023;rq;0,10;0,23;7;53,8;42,5;66,5
JPNrq2023;JPN;Japan;2023;rq;1,47;0,24;7;92,5;84,0;98,1
JEYrq2023;JEY;Jersey;2023;rq;0,98;0,50;1;81,6;56,6;97,6
JORrq2023;JOR;Jordan;2023;rq;0,22;0,22;8;59,4;47,2;70,3
KAZrq2023;KAZ;Kazakhstan;2023;rq;0,07;0,22;8;53,3;41,5;65,6
KENrq2023;KEN;Kenya;2023;rq;-0,39;0,17;10;37,7;25,9;49,1
KIRrq2023;KIR;Kiribati;2023;rq;-0,28;0,30;4;42,5;21,7;59,4
PRKrq2023;PRK;Korea;2023;rq;-2,39;0,25;5;0,0;0,0;1,9
KORrq2023;KOR;Korea;2023;rq;1,12;0,22;8;84,9;75,5;92,5
KSVrq2023;KSV;Kosovo;2023;rq;-0,30;0,22;7;41,0;26,9;53,3
KWTrq2023;KWT;Kuwait;2023;rq;0,32;0,22;8;63,7;51,4;73,1
KGZrq2023;KGZ;Kyrgyz Republic;2023;rq;-0,62;0,20;10;29,2;16,0;41,0
LAOrq2023;LAO;Lao PDR;2023;rq;-0,93;0,21;8;17,9;9,0;31,1
LVArq2023;LVA;Latvia;2023;rq;1,17;0,22;8;86,3;76,4;92,5
LBNrq2023;LBN;Lebanon;2023;rq;-1,01;0,23;6;14,6;8,5;27,8
LSOrq2023;LSO;Lesotho;2023;rq;-0,59;0,19;9;29,7;19,3;42,5
LBRrq2023;LBR;Liberia;2023;rq;-0,92;0,17;10;18,4;10,8;28,3
LBYrq2023;LBY;Libya;2023;rq;-1,95;0,27;4;2,4;0,0;4,7
LIErq2023;LIE;Liechtenstein;2023;rq;1,62;0,33;3;94,3;84,0;99,5
LTUrq2023;LTU;Lithuania;2023;rq;1,34;0,22;8;88,2;81,6;94,8
LUXrq2023;LUX;Luxembourg;2023;rq;1,93;0,24;7;99,1;92,9;100,0
MACrq2023;MAC;Macao;2023;rq;1,79;0,37;2;97,6;86,3;100,0
MDGrq2023;MDG;Madagascar;2023;rq;-0,80;0,17;10;21,2;12,7;32,5
MWIrq2023;MWI;Malawi;2023;rq;-0,77;0,17;10;22,2;13,7;34,4
MYSrq2023;MYS;Malaysia;2023;rq;0,66;0,22;8;73,1;60,8;81,6
MDVrq2023;MDV;Maldives;2023;rq;-0,67;0,30;4;26,4;11,8;45,8
MLIrq2023;MLI;Mali;2023;rq;-0,68;0,17;10;25,9;15,6;36,8
MLTrq2023;MLT;Malta;2023;rq;0,69;0,25;6;74,1;59,9;84,0
MHLrq2023;MHL;Marshall Islands;2023;rq;-0,42;0,34;3;36,3;15,6;56,1
MTQrq2023;MTQ;Martinique;2023;rq;0,93;0,48;1;79,2;56,6;95,3
MRTrq2023;MRT;Mauritania;2023;rq;-1,00;0,18;8;15,1;9,0;25,0
MUSrq2023;MUS;Mauritius;2023;rq;1,06;0,24;7;82,5;73,1;92,0
MEXrq2023;MEX;Mexico;2023;rq;-0,17;0,21;9;46,2;32,1;58,5
FSMrq2023;FSM;Micronesia;2023;rq;-0,58;0,30;4;30,7;12,7;50,0
MDArq2023;MDA;Moldova;2023;rq;0,11;0,23;6;54,7;42,9;66,5
MCOrq2023;MCO;Monaco;2023;rq;1,35;0,48;1;89,6;70,3;99,5
MNGrq2023;MNG;Mongolia;2023;rq;-0,18;0,19;10;45,8;34,0;56,6
MNErq2023;MNE;Montenegro;2023;rq;0,37;0,24;7;64,2;51,4;75,5
MARrq2023;MAR;Morocco;2023;rq;-0,06;0,21;9;50,9;36,3;59,9
MOZrq2023;MOZ;Mozambique;2023;rq;-0,71;0,18;9;24,5;15,1;36,3
MMRrq2023;MMR;Myanmar;2023;rq;-1,44;0,21;7;7,1;3,8;12,7
NAMrq2023;NAM;Namibia;2023;rq;-0,06;0,23;7;51,4;35,4;60,8
NRUrq2023;NRU;Nauru;2023;rq;0,01;0,40;2;52,4;27,4;73,1
NPLrq2023;NPL;Nepal;2023;rq;-0,66;0,20;10;27,4;15,1;39,2
NLDrq2023;NLD;Netherlands;2023;rq;1,79;0,24;7;97,2;90,6;99,5
ANTrq2023;ANT;Netherlands Antilles;2023;rq;..;..;..;..;..;..
NZLrq2023;NZL;New Zealand;2023;rq;1,91;0,24;8;98,6;92,5;99,5
NICrq2023;NIC;Nicaragua;2023;rq;-0,88;0,21;7;20,3;10,8;32,1
NERrq2023;NER;Niger;2023;rq;-0,82;0,18;9;20,8;12,7;32,1
NGArq2023;NGA;Nigeria;2023;rq;-0,94;0,19;10;17,0;9,9;28,3
NIUrq2023;NIU;Niue;2023;rq;0,11;0,59;1;55,2;20,3;84,0
MKDrq2023;MKD;North Macedonia;2023;rq;0,43;0,24;7;66,0;52,4;76,4
NORrq2023;NOR;Norway;2023;rq;1,60;0,24;6;93,4;86,3;99,5
OMNrq2023;OMN;Oman;2023;rq;0,43;0,25;6;66,5;52,4;76,4
PAKrq2023;PAK;Pakistan;2023;rq;-0,90;0,19;11;19,8;10,8;29,7
PLWrq2023;PLW;Palau;2023;rq;0,40;0,40;2;65,1;43,4;82,1
PANrq2023;PAN;Panama;2023;rq;0,12;0,23;7;55,7;43,4;66,5
PNGrq2023;PNG;Papua New Guinea;2023;rq;-0,64;0,21;8;27,8;15,6;39,6
PRYrq2023;PRY;Paraguay;2023;rq;-0,08;0,22;8;50,5;35,4;59,9
PERrq2023;PER;Peru;2023;rq;0,29;0,21;9;60,4;51,4;72,6
PHLrq2023;PHL;Philippines;2023;rq;0,16;0,20;10;57,5;46,2;66,5
POLrq2023;POL;Poland;2023;rq;0,78;0,22;8;76,4;66,0;84,9
PRTrq2023;PRT;Portugal;2023;rq;0,76;0,24;8;75,5;63,7;84,9
PRIrq2023;PRI;Puerto Rico;2023;rq;0,64;0,33;3;71,7;53,8;86,3
QATrq2023;QAT;Qatar;2023;rq;0,98;0,23;7;81,1;70,8;90,1
ROMrq2023;ROM;Romania;2023;rq;0,32;0,21;9;63,2;51,4;73,1
RUSrq2023;RUS;Russian Federation;2023;rq;-1,12;0,23;6;12,7;5,2;22,6
RWArq2023;RWA;Rwanda;2023;rq;0,12;0,18;10;56,1;46,2;65,6
REUrq2023;REU;Reunion;2023;rq;0,93;0,48;1;79,2;56,6;95,3
WSMrq2023;WSM;Samoa;2023;rq;-0,27;0,30;5;42,9;22,2;59,4
SMRrq2023;SMR;San Marino;2023;rq;0,93;0,48;1;79,2;56,6;95,3
SAUrq2023;SAU;Saudi Arabia;2023;rq;0,52;0,23;8;68,9;56,1;76,4
SENrq2023;SEN;Senegal;2023;rq;-0,35;0,17;10;39,2;28,3;51,4
SRBrq2023;SRB;Serbia;2023;rq;0,14;0,23;7;56,6;43,4;67,5
SYCrq2023;SYC;Seychelles;2023;rq;0,21;0,32;4;59,0;39,2;75,0
SLErq2023;SLE;Sierra Leone;2023;rq;-1,06;0,17;11;13,7;8,5;21,7
SGPrq2023;SGP;Singapore;2023;rq;2,31;0,21;9;100,0;99,5;100,0
SVKrq2023;SVK;Slovak Republic;2023;rq;0,60;0,21;9;71,2;59,9;80,2
SVNrq2023;SVN;Slovenia;2023;rq;0,73;0,22;8;75,0;64,2;84,0
SLBrq2023;SLB;Solomon Islands;2023;rq;-0,78;0,27;5;21,7;10,8;39,2
SOMrq2023;SOM;Somalia;2023;rq;-1,88;0,20;6;2,8;0,5;4,7
ZAFrq2023;ZAF;South Africa;2023;rq;-0,22;0,22;8;44,3;31,1;56,1
SSDrq2023;SSD;South Sudan;2023;rq;-2,12;0,21;5;0,9;0,0;3,8
ESPrq2023;ESP;Spain;2023;rq;0,69;0,24;8;74,5;60,8;84,0
LKArq2023;LKA;Sri Lanka;2023;rq;-0,51;0,21;8;33,0;20,3;46,2
KNArq2023;KNA;St. Kitts and Nevis;2023;rq;0,54;0,36;2;69,3;51,4;84,9
LCArq2023;LCA;St. Lucia;2023;rq;0,40;0,28;4;64,6;50,5;76,4
VCTrq2023;VCT;St. Vincent and the Grenadines;2023;rq;0,32;0,28;4;62,3;46,2;76,4
SDNrq2023;SDN;Sudan;2023;rq;-1,60;0,18;9;4,7;2,4;9,0
SURrq2023;SUR;Suriname;2023;rq;-0,73;0,26;5;23,1;12,3;39,2
SWErq2023;SWE;Sweden;2023;rq;1,72;0,24;7;95,3;87,7;99,5
CHErq2023;CHE;Switzerland;2023;rq;1,73;0,26;6;95,8;87,3;99,5
SYRrq2023;SYR;Syrian Arab Republic;2023;rq;-1,81;0,24;5;3,8;0,5;7,5
STPrq2023;STP;Sao Tome and Principe;2023;rq;-0,94;0,21;6;16,5;9,0;29,2
TWNrq2023;TWN;TaiwanSao Tome;2023;rq;1,45;0,23;7;91,5;82,5;97,6
TJKrq2023;TJK;Tajikistan;2023;rq;-1,18;0,22;7;11,3;4,7;20,3
TZArq2023;TZA;Tanzania;2023;rq;-0,59;0,17;11;30,2;20,3;39,6
THArq2023;THA;Thailand;2023;rq;0,16;0,22;8;57,1;44,3;67,5
TMPrq2023;TMP;Timor-Leste;2023;rq;-0,49;0,24;7;34,4;20,3;49,1
TGOrq2023;TGO;Togo;2023;rq;-0,49;0,17;10;34,0;21,7;44,3
TONrq2023;TON;Tonga;2023;rq;-0,39;0,30;4;37,3;19,8;54,2
TTOrq2023;TTO;Trinidad and Tobago;2023;rq;-0,13;0,23;7;47,6;33,0;59,4
TUNrq2023;TUN;Tunisia;2023;rq;-0,62;0,21;8;28,8;15,6;42,5
TKMrq2023;TKM;Turkmenistan;2023;rq;-2,07;0,27;4;1,4;0,0;4,2
TUVrq2023;TUV;Tuvalu;2023;rq;-0,19;0,34;3;44,8;22,6;63,7
TURrq2023;TUR;Turkiye;2023;rq;-0,23;0,22;8;43,9;30,2;55,7
UGArq2023;UGA;Uganda;2023;rq;-0,52;0,18;9;32,5;20,8;43,4
UKRrq2023;UKR;Ukraine;2023;rq;-0,27;0,24;6;43,4;27,4;55,7
ARErq2023;ARE;United Arab Emirates;2023;rq;1,04;0,22;8;82,1;74,1;90,6
GBRrq2023;GBR;United Kingdom;2023;rq;1,54;0,24;7;92,9;84,9;98,6
USArq2023;USA;United States;2023;rq;1,39;0,24;7;90,6;81,6;96,7
URYrq2023;URY;Uruguay;2023;rq;0,68;0,23;7;73,6;60,8;82,1
UZBrq2023;UZB;Uzbekistan;2023;rq;-0,58;0,19;9;31,1;19,8;43,4
VUTrq2023;VUT;Vanuatu;2023;rq;-0,12;0,26;6;48,1;31,6;61,3
VENrq2023;VEN;Venezuela;2023;rq;-2,03;0,22;8;1,9;0,0;4,2
VNMrq2023;VNM;Viet Nam;2023;rq;-0,38;0,21;9;38,2;23,1;51,4
VIRrq2023;VIR;Virgin Islands;2023;rq;1,35;0,48;1;89,6;70,3;99,5
WBGrq2023;WBG;West Bank and Gaza;2023;rq;-0,28;0,36;3;42,0;20,3;63,2
YEMrq2023;YEM;Yemen;2023;rq;-1,84;0,24;6;3,3;0,5;6,1
ZMBrq2023;ZMB;Zambia;2023;rq;-0,50;0,18;9;33,5;21,2;44,3
ZWErq2023;ZWE;Zimbabwe;2023;rq;-1,34;0,17;10;9,0;4,2;13,7
AFGva2023;AFG;Afghanistan;2023;va;-1,85;0,13;9;2,0;0,0;4,4
ALBva2023;ALB;Albania;2023;va;0,17;0,12;10;53,9;45,6;59,3
DZAva2023;DZA;Algeria;2023;va;-0,98;0,12;10;22,1;16,2;26,0
ASMva2023;ASM;American Samoa;2023;va;..;..;..;..;..;..
ADOva2023;ADO;Andorra;2023;va;1,00;0,27;2;78,9;64,7;93,6
AGOva2023;AGO;Angola;2023;va;-0,74;0,12;13;27,9;23,5;32,4
AIAva2023;AIA;Anguilla;2023;va;..;..;..;..;..;..
ATGva2023;ATG;Antigua and Barbuda;2023;va;0,74;0,24;2;70,1;58,3;86,3
ARGva2023;ARG;Argentina;2023;va;0,53;0,13;12;63,2;57,4;69,6
ARMva2023;ARM;Armenia;2023;va;0,08;0,13;9;50,5;41,2;56,9
ABWva2023;ABW;Aruba;2023;va;1,02;0,20;1;80,4;69,6;92,6
AUSva2023;AUS;Australia;2023;va;1,51;0,13;10;96,1;92,2;99,5
AUTva2023;AUT;Austria;2023;va;1,41;0,11;9;93,6;89,2;97,1
AZEva2023;AZE;Azerbaijan;2023;va;-1,41;0,13;9;9,3;5,4;15,7
BHSva2023;BHS;Bahamas;2023;va;0,86;0,15;5;74,0;66,7;84,8
BHRva2023;BHR;Bahrain;2023;va;-1,38;0,13;7;11,3;5,9;16,7
BGDva2023;BGD;Bangladesh;2023;va;-0,75;0,12;11;27,5;23,5;31,9
BRBva2023;BRB;Barbados;2023;va;1,16;0,15;4;87,3;77,0;92,6
BLRva2023;BLR;Belarus;2023;va;-1,67;0,12;8;3,9;0,5;7,4
BELva2023;BEL;Belgium;2023;va;1,33;0,11;9;92,6;86,3;96,1
BLZva2023;BLZ;Belize;2023;va;0,54;0,15;5;63,7;56,9;72,5
BENva2023;BEN;Benin;2023;va;-0,22;0,12;12;40,2;36,3;46,1
BMUva2023;BMU;Bermuda;2023;va;..;..;..;..;..;..
BTNva2023;BTN;Bhutan;2023;va;0,20;0,14;6;54,9;45,6;60,8
BOLva2023;BOL;Bolivia;2023;va;-0,27;0,12;12;39,2;34,8;44,1
BIHva2023;BIH;Bosnia and Herzegovina;2023;va;-0,32;0,13;9;38,2;33,3;42,2
BWAva2023;BWA;Botswana;2023;va;0,50;0,12;12;62,7;56,9;69,6
BRAva2023;BRA;Brazil;2023;va;0,38;0,12;13;59,8;53,9;66,2
BRNva2023;BRN;Brunei Darussalam;2023;va;-0,72;0,15;4;28,9;22,5;34,8
BGRva2023;BGR;Bulgaria;2023;va;0,39;0,10;11;60,3;55,4;64,7
BFAva2023;BFA;Burkina Faso;2023;va;-0,81;0,12;13;25,5;21,6;30,9
BDIva2023;BDI;Burundi;2023;va;-1,37;0,13;9;11,8;5,9;16,7
KHMva2023;KHM;Cambodia;2023;va;-1,29;0,13;8;12,7;6,9;19,1
CMRva2023;CMR;Cameroon;2023;va;-1,07;0,12;13;19,6;14,2;24,5
CANva2023;CAN;Canada;2023;va;1,48;0,14;10;95,1;89,7;99,5
CPVva2023;CPV;Cape Verde;2023;va;0,96;0,14;8;77,5;69,6;87,3
CYMva2023;CYM;Cayman Islands;2023;va;0,76;0,20;1;71,6;61,3;84,3
CAFva2023;CAF;Central African Republic;2023;va;-1,26;0,13;9;14,2;7,4;20,1
TCDva2023;TCD;Chad;2023;va;-1,43;0,13;10;8,3;4,4;15,2
CHLva2023;CHL;Chile;2023;va;1,02;0,13;12;79,9;72,5;88,7
CHNva2023;CHN;China;2023;va;-1,50;0,12;10;7,4;2,5;12,3
COLva2023;COL;Colombia;2023;va;0,21;0,13;12;55,4;46,6;60,8
COMva2023;COM;Comoros;2023;va;-0,81;0,19;8;26,0;18,1;33,8
ZARva2023;ZAR;Congo;2023;va;-1,21;0,12;13;15,7;9,3;20,1
COGva2023;COG;Congo;2023;va;-1,15;0,12;11;17,2;11,8;23,5
COKva2023;COK;Cook Islands;2023;va;0,88;0,56;1;76,0;45,6;100,0
CRIva2023;CRI;Costa Rica;2023;va;1,07;0,13;11;81,4;74,5;91,7
HRVva2023;HRV;Croatia;2023;va;0,57;0,10;11;65,7;60,3;69,6
CUBva2023;CUB;Cuba;2023;va;-1,25;0,13;6;14,7;7,4;20,1
CYPva2023;CYP;Cyprus;2023;va;0,97;0,11;9;77,9;72,5;86,8
CZEva2023;CZE;Czech Republic;2023;va;1,08;0,10;11;82,4;76,0;89,7
CIVva2023;CIV;Cote d'Ivoire;2023;va;-0,38;0,12;13;36,8;31,9;40,7
DNKva2023;DNK;Denmark;2023;va;1,66;0,11;9;98,5;95,1;100,0
DJIva2023;DJI;Djibouti;2023;va;-1,27;0,13;8;13,7;7,4;19,6
DMAva2023;DMA;Dominica;2023;va;0,79;0,24;2;72,5;60,3;87,3
DOMva2023;DOM;Dominican Republic;2023;va;0,33;0,13;11;57,4;51,5;62,7
ECUva2023;ECU;Ecuador;2023;va;-0,06;0,13;11;44,1;38,7;52,5
EGYva2023;EGY;Egypt;2023;va;-1,38;0,12;12;10,8;5,9;15,7
SLVva2023;SLV;El Salvador;2023;va;-0,47;0,12;12;34,8;29,9;38,7
GNQva2023;GNQ;Equatorial Guinea;2023;va;-1,68;0,13;8;3,4;0,0;7,4
ERIva2023;ERI;Eritrea;2023;va;-1,86;0,13;8;1,0;0,0;4,4
ESTva2023;EST;Estonia;2023;va;1,22;0,11;10;88,7;80,9;92,6
SWZva2023;SWZ;Eswatini;2023;va;-1,16;0,13;11;16,7;11,3;23,5
ETHva2023;ETH;Ethiopia;2023;va;-1,06;0,12;11;20,1;14,2;24,5
FJIva2023;FJI;Fiji;2023;va;0,19;0,21;5;54,4;40,7;62,7
FINva2023;FIN;Finland;2023;va;1,63;0,11;9;97,5;94,1;100,0
FRAva2023;FRA;France;2023;va;1,15;0,11;10;86,8;77,5;92,6
GUFva2023;GUF;French Guiana;2023;va;1,27;0,20;1;91,7;77,0;97,1
GABva2023;GAB;Gabon;2023;va;-0,92;0,12;11;24,0;18,1;27,9
GMBva2023;GMB;Gambia;2023;va;-0,04;0,12;13;45,6;39,2;52,9
GEOva2023;GEO;Georgia;2023;va;0,03;0,13;9;48,0;40,7;55,9
DEUva2023;DEU;Germany;2023;va;1,46;0,11;10;94,6;91,7;98,0
GHAva2023;GHA;Ghana;2023;va;0,41;0,12;14;60,8;55,4;66,2
GRCva2023;GRC;Greece;2023;va;1,01;0,11;9;79,4;72,5;87,3
GRLva2023;GRL;Greenland;2023;va;1,27;0,20;1;91,7;77,0;97,1
GRDva2023;GRD;Grenada;2023;va;0,75;0,24;3;71,1;59,3;86,3
GUMva2023;GUM;Guam;2023;va;..;..;..;..;..;..
GTMva2023;GTM;Guatemala;2023;va;-0,53;0,13;11;33,3;27,5;36,8
GINva2023;GIN;Guinea;2023;va;-1,15;0,12;13;17,6;11,8;23,5
GNBva2023;GNB;Guinea-Bissau;2023;va;-0,44;0,16;9;36,3;29,9;40,7
GUYva2023;GUY;Guyana;2023;va;0,15;0,14;6;52,9;43,1;59,3
HTIva2023;HTI;Haiti;2023;va;-1,18;0,13;9;16,2;10,3;22,1
HNDva2023;HND;Honduras;2023;va;-0,45;0,12;12;35,3;29,9;39,2
HKGva2023;HKG;Hong Kong;2023;va;-0,32;0,13;9;37,3;32,4;42,6
HUNva2023;HUN;Hungary;2023;va;0,36;0,10;11;59,3;54,4;62,7
ISLva2023;ISL;Iceland;2023;va;1,45;0,14;7;94,1;87,7;99,0
INDva2023;IND;India;2023;va;0,09;0,12;12;51,5;42,2;56,9
IDNva2023;IDN;Indonesia;2023;va;0,14;0,13;11;52,5;43,1;58,3
IRNva2023;IRN;Iran;2023;va;-1,45;0,13;8;7,8;4,4;14,7
IRQva2023;IRQ;Iraq;2023;va;-0,96;0,13;8;23,5;16,2;27,5
IRLva2023;IRL;Ireland;2023;va;1,48;0,11;9;95,6;92,2;99,0
ISRva2023;ISR;Israel;2023;va;0,64;0,14;7;69,1;60,3;76,0
ITAva2023;ITA;Italy;2023;va;1,12;0,11;10;85,8;77,0;92,2
JAMva2023;JAM;Jamaica;2023;va;0,56;0,13;10;65,2;58,8;71,6
JPNva2023;JPN;Japan;2023;va;1,11;0,14;9;85,3;76,0;92,6
JEYva2023;JEY;Jersey;2023;va;1,27;0,20;1;91,7;77,0;97,1
JORva2023;JOR;Jordan;2023;va;-0,77;0,12;11;27,0;22,1;31,9
KAZva2023;KAZ;Kazakhstan;2023;va;-1,00;0,12;12;21,6;15,7;26,0
KENva2023;KEN;Kenya;2023;va;-0,12;0,12;13;41,7;38,2;49,5
KIRva2023;KIR;Kiribati;2023;va;1,09;0,27;2;84,3;69,1;96,1
PRKva2023;PRK;Korea;2023;va;-1,98;0,13;6;0,0;0,0;2,5
KORva2023;KOR;Korea;2023;va;0,86;0,12;11;73,5;69,6;80,9
KSVva2023;KSV;Kosovo;2023;va;-0,09;0,13;8;43,1;38,2;51,5
KWTva2023;KWT;Kuwait;2023;va;-0,59;0,13;8;31,4;26,0;36,3
KGZva2023;KGZ;Kyrgyz Republic;2023;va;-0,72;0,12;11;28,4;23,5;33,3
LAOva2023;LAO;Lao PDR;2023;va;-1,63;0,14;6;5,4;1,0;9,3
LVAva2023;LVA;Latvia;2023;va;0,99;0,11;10;78,4;72,5;87,3
LBNva2023;LBN;Lebanon;2023;va;-0,65;0,13;9;30,9;25,0;35,8
LSOva2023;LSO;Lesotho;2023;va;0,03;0,13;11;47,5;40,7;55,9
LBRva2023;LBR;Liberia;2023;va;0,05;0,12;14;49,0;41,2;55,9
LBYva2023;LBY;Libya;2023;va;-1,39;0,12;9;9,8;5,9;15,7
LIEva2023;LIE;Liechtenstein;2023;va;1,40;0,16;3;93,1;86,3;99,0
LTUva2023;LTU;Lithuania;2023;va;1,07;0,11;10;81,9;76,0;89,2
LUXva2023;LUX;Luxembourg;2023;va;1,63;0,11;9;98,0;94,1;100,0
MACva2023;MAC;Macao;2023;va;-0,51;0,20;1;33,8;25,0;40,7
MDGva2023;MDG;Madagascar;2023;va;-0,32;0,12;13;37,7;33,3;41,2
MWIva2023;MWI;Malawi;2023;va;0,08;0,12;13;50,0;41,7;56,9
MYSva2023;MYS;Malaysia;2023;va;0,09;0,12;11;51,0;42,2;56,9
MDVva2023;MDV;Maldives;2023;va;-0,14;0,20;5;41,2;34,8;54,4
MLIva2023;MLI;Mali;2023;va;-1,01;0,12;13;20,6;15,7;25,0
MLTva2023;MLT;Malta;2023;va;0,91;0,11;8;77,0;69,6;84,3
MHLva2023;MHL;Marshall Islands;2023;va;1,13;0,29;1;86,3;69,1;97,1
MTQva2023;MTQ;Martinique;2023;va;..;..;..;..;..;..
MRTva2023;MRT;Mauritania;2023;va;-0,66;0,12;11;30,4;25,0;34,8
MUSva2023;MUS;Mauritius;2023;va;0,62;0,12;10;66,7;60,8;72,5
MEXva2023;MEX;Mexico;2023;va;-0,12;0,12;13;42,2;38,2;50,5
FSMva2023;FSM;Micronesia;2023;va;1,09;0,29;1;83,8;66,2;96,6
MDAva2023;MDA;Moldova;2023;va;0,24;0,12;10;55,9;47,5;61,3
MCOva2023;MCO;Monaco;2023;va;0,65;0,29;1;69,6;53,9;86,3
MNGva2023;MNG;Mongolia;2023;va;0,25;0,13;11;56,4;48,5;61,8
MNEva2023;MNE;Montenegro;2023;va;0,34;0,13;9;58,3;51,5;64,2
MARva2023;MAR;Morocco;2023;va;-0,49;0,12;12;34,3;29,9;38,7
MOZva2023;MOZ;Mozambique;2023;va;-0,59;0,12;14;31,9;26,0;36,3
MMRva2023;MMR;Myanmar;2023;va;-1,84;0,13;9;2,5;0,0;4,4
NAMva2023;NAM;Namibia;2023;va;0,58;0,12;11;66,2;60,3;72,1
NRUva2023;NRU;Nauru;2023;va;0,64;0,29;1;68,6;53,4;85,8
NPLva2023;NPL;Nepal;2023;va;-0,02;0,13;10;46,1;39,2;53,9
NLDva2023;NLD;Netherlands;2023;va;1,56;0,11;9;96,6;92,6;99,5
ANTva2023;ANT;Netherlands Antilles;2023;va;..;..;..;..;..;..
NZLva2023;NZL;New Zealand;2023;va;1,69;0,13;10;99,5;94,6;100,0
NICva2023;NIC;Nicaragua;2023;va;-1,39;0,13;10;10,3;5,9;15,7
NERva2023;NER;Niger;2023;va;-0,70;0,12;13;29,9;24,5;33,8
NGAva2023;NGA;Nigeria;2023;va;-0,55;0,12;14;32,4;27,5;36,8
NIUva2023;NIU;Niue;2023;va;..;..;..;..;..;..
MKDva2023;MKD;North Macedonia;2023;va;0,16;0,13;9;53,4;45,1;59,3
NORva2023;NOR;Norway;2023;va;1,78;0,14;9;100,0;96,1;100,0
OMNva2023;OMN;Oman;2023;va;-1,00;0,13;6;21,1;15,2;26,0
PAKva2023;PAK;Pakistan;2023;va;-0,96;0,13;10;23,0;16,7;27,5
PLWva2023;PLW;Palau;2023;va;1,09;0,29;1;83,8;66,2;96,6
PANva2023;PAN;Panama;2023;va;0,55;0,13;10;64,2;57,8;71,1
PNGva2023;PNG;Papua New Guinea;2023;va;0,01;0,13;9;47,1;40,7;55,4
PRYva2023;PRY;Paraguay;2023;va;0,04;0,13;11;48,5;40,7;55,9
PERva2023;PER;Peru;2023;va;0,06;0,13;12;49,5;40,7;56,9
PHLva2023;PHL;Philippines;2023;va;-0,02;0,13;11;46,6;39,7;54,4
POLva2023;POL;Poland;2023;va;0,63;0,10;11;67,6;61,8;72,5
PRTva2023;PRT;Portugal;2023;va;1,21;0,11;10;88,2;80,9;92,6
PRIva2023;PRI;Puerto Rico;2023;va;0,45;0,20;3;61,8;51,5;72,1
QATva2023;QAT;Qatar;2023;va;-0,97;0,13;8;22,5;15,7;27,0
ROMva2023;ROM;Romania;2023;va;0,50;0,10;11;62,3;57,4;69,6
RUSva2023;RUS;Russian Federation;2023;va;-1,29;0,12;10;13,2;7,4;19,1
RWAva2023;RWA;Rwanda;2023;va;-0,90;0,12;10;24,5;18,1;28,9
REUva2023;REU;Reunion;2023;va;..;..;..;..;..;..
WSMva2023;WSM;Samoa;2023;va;1,02;0,25;3;80,9;66,2;93,6
SMRva2023;SMR;San Marino;2023;va;1,25;0,29;1;89,7;71,6;99,5
SAUva2023;SAU;Saudi Arabia;2023;va;-1,42;0,13;9;8,8;5,4;15,7
SENva2023;SEN;Senegal;2023;va;0,13;0,12;13;52,0;44,1;57,4
SRBva2023;SRB;Serbia;2023;va;-0,06;0,12;10;44,6;39,2;52,5
SYCva2023;SYC;Seychelles;2023;va;0,56;0,14;6;64,7;57,4;72,5
SLEva2023;SLE;Sierra Leone;2023;va;-0,30;0,12;13;38,7;33,8;42,2
SGPva2023;SGP;Singapore;2023;va;-0,07;0,12;10;43,6;38,7;52,0
SVKva2023;SVK;Slovak Republic;2023;va;0,91;0,10;11;76,5;69,6;82,8
SVNva2023;SVN;Slovenia;2023;va;1,08;0,10;11;82,8;76,0;89,7
SLBva2023;SLB;Solomon Islands;2023;va;0,34;0,23;4;57,8;45,6;69,6
SOMva2023;SOM;Somalia;2023;va;-1,66;0,12;9;4,4;0,5;7,4
ZAFva2023;ZAF;South Africa;2023;va;0,74;0,12;13;70,6;64,2;77,0
SSDva2023;SSD;South Sudan;2023;va;-1,68;0,16;8;2,9;0,0;8,8
ESPva2023;ESP;Spain;2023;va;1,19;0,11;10;87,7;79,4;92,6
LKAva2023;LKA;Sri Lanka;2023;va;-0,23;0,12;10;39,7;36,3;45,6
KNAva2023;KNA;St. Kitts and Nevis;2023;va;0,77;0,24;2;72,1;59,3;87,3
LCAva2023;LCA;St. Lucia;2023;va;0,86;0,24;2;74,5;61,8;89,7
VCTva2023;VCT;St. Vincent and the Grenadines;2023;va;0,83;0,24;2;73,0;61,3;89,2
SDNva2023;SDN;Sudan;2023;va;-1,60;0,12;12;5,9;2,5;9,3
SURva2023;SUR;Suriname;2023;va;0,35;0,14;7;58,8;51,5;65,7
SWEva2023;SWE;Sweden;2023;va;1,57;0,11;10;97,1;92,6;99,5
CHEva2023;CHE;Switzerland;2023;va;1,67;0,14;7;99,0;93,6;100,0
SYRva2023;SYR;Syrian Arab Republic;2023;va;-1,85;0,13;7;1,5;0,0;4,4
STPva2023;STP;Sao Tome and Principe;2023;va;0,25;0,14;8;56,9;47,1;61,8
TWNva2023;TWN;TaiwanSao Tome;2023;va;1,10;0,13;9;84,8;76,0;92,2
TJKva2023;TJK;Tajikistan;2023;va;-1,63;0,13;8;4,9;1,5;8,8
TZAva2023;TZA;Tanzania;2023;va;-0,53;0,12;13;32,8;27,9;36,8
THAva2023;THA;Thailand;2023;va;-0,45;0,12;11;35,8;30,9;39,2
TMPva2023;TMP;Timor-Leste;2023;va;0,43;0,14;6;61,3;55,4;69,6
TGOva2023;TGO;Togo;2023;va;-0,78;0,12;13;26,5;22,1;31,9
TONva2023;TON;Tonga;2023;va;0,87;0,25;3;75,0;61,8;91,7
TTOva2023;TTO;Trinidad and Tobago;2023;va;0,62;0,13;9;67,2;60,8;72,5
TUNva2023;TUN;Tunisia;2023;va;-0,21;0,12;13;40,7;36,3;46,1
TKMva2023;TKM;Turkmenistan;2023;va;-1,88;0,13;6;0,5;0,0;4,4
TUVva2023;TUV;Tuvalu;2023;va;1,22;0,27;2;89,2;72,5;98,0
TURva2023;TUR;Turkiye;2023;va;-0,86;0,13;10;25,0;19,1;30,4
UGAva2023;UGA;Uganda;2023;va;-0,70;0,12;13;29,4;24,5;33,8
UKRva2023;UKR;Ukraine;2023;va;-0,10;0,12;10;42,6;38,2;51,5
AREva2023;ARE;United Arab Emirates;2023;va;-1,09;0,13;8;18,6;12,3;24,5
GBRva2023;GBR;United Kingdom;2023;va;1,26;0,13;10;90,2;80,9;95,1
USAva2023;USA;United States;2023;va;0,88;0,13;11;75,5;69,6;84,3
URYva2023;URY;Uruguay;2023;va;1,28;0,13;10;92,2;82,4;95,6
UZBva2023;UZB;Uzbekistan;2023;va;-1,31;0,12;9;12,3;6,9;18,1
VUTva2023;VUT;Vanuatu;2023;va;0,63;0,23;4;68,1;56,9;78,9
VENva2023;VEN;Venezuela;2023;va;-1,53;0,12;12;6,9;2,5;11,8
VNMva2023;VNM;Viet Nam;2023;va;-1,24;0,12;10;15,2;7,8;20,1
VIRva2023;VIR;Virgin Islands;2023;va;..;..;..;..;..;..
WBGva2023;WBG;West Bank and Gaza;2023;va;-1,12;0,15;6;18,1;11,8;24,5
YEMva2023;YEM;Yemen;2023;va;-1,55;0,13;8;6,4;2,5;11,8
ZMBva2023;ZMB;Zambia;2023;va;-0,05;0,12;12;45,1;39,2;52,5
ZWEva2023;ZWE;Zimbabwe;2023;va;-1,09;0,12;13;19,1;12,7;24,5